Nr;Name;MaxSchnellmeldungen;AnzSchnellmeldungen;Wahlberechtigte;abgegeben;Wahlbeteiligung;gültigeStimmzettel;gültig;ungültigeStimmzettel;ungültig;gültig2;ungültig2;gesamt SPD;SPD;SPD_Proz;Z_SPD;Z_SPD_Proz;gesamt CDU;CDU;CDU_Proz;Z_CDU;Z_CDU_Proz;gesamt Grüne;GRÜNE;GRÜNE_Proz;Z_GRÜNE;Z_GRÜNE_Proz;gesamt FDP;FDP;FDP_Proz;Z_FDP;Z_FDP_Proz;gesamt Piraten;PIRATEN;PIRATEN_Proz;Z_PIRATEN;Z_PIRATEN_Proz;gesamt Die Linke;DIE LINKE;DIE LINKE_Proz;Z_DIE LINKE;Z_DIE LINKE_Proz;gesamt NPD;NPD;NPD_Proz;Z_NPD;Z_NPD_Proz;Die PARTEI;Die PARTEI_Proz;Z_Die PARTEI;Z_Die PARTEI_Proz;FREIE WÄHLER;FREIE WÄHLER_Proz;Z_FREIE W?HLER;Z_FREIE W?HLER_Proz;BIG;BIG_Proz;Z_BIG;Z_BIG_Proz;FBI/FWG;FBI/FWG_Proz;Z_FBI/FWG;Z_FBI/FWG_Proz;?DP;?DP_Proz;Z_?DP;Z_?DP_Proz;Volksabstimmung;Volksabstimmung_Proz;Z_Volksabstimmung;Z_Volksabstimmung_Proz;TIERSCHUTZliste;TIERSCHUTZliste_Proz;Z_TIERSCHUTZliste;Z_TIERSCHUTZliste_Proz;AD-Demokraten NRW;AD-Demokraten NRW_Proz;Z_AD-Demokraten NRW;Z_AD-Demokraten NRW_Proz;gesamt AfD;AfD;AfD_Proz;Z_AfD;Z_AfD_Proz;AUFBRUCH C;AUFBRUCH C_Proz;Z_AUFBRUCH C;Z_AUFBRUCH C_Proz;BGE;BGE_Proz;Z_BGE;Z_BGE_Proz;DBD;DBD_Proz;Z_DBD;Z_DBD_Proz;DKP;DKP_Proz;Z_DKP;Z_DKP_Proz;ZENTRUM;ZENTRUM_Proz;Z_ZENTRUM;Z_ZENTRUM_Proz;DIE RECHTE;DIE RECHTE_Proz;Z_DIE RECHTE;Z_DIE RECHTE_Proz;REP;REP_Proz;Z_REP;Z_REP_Proz;DIE VIOLETTEN;DIE VIOLETTEN_Proz;Z_DIE VIOLETTEN;Z_DIE VIOLETTEN_Proz;JED;JED_Proz;Z_JED;Z_JED_Proz;MLPD;MLPD_Proz;Z_MLPD;Z_MLPD_Proz;PAN;PAN_Proz;Z_PAN;Z_PAN_Proz;Gesundheitsforschung;Gesundheitsforschung_Proz;Z_Gesundheitsforschung;Z_Gesundheitsforschung_Proz;PARTEILOSE WG ?BRD?;PARTEILOSE WG ?BRD?_Proz;Z_PARTEILOSE WG ?BRD?;Z_PARTEILOSE WG ?BRD?_Proz;Sch?ner Leben;Sch?ner Leben_Proz;Z_Sch?ner Leben;Z_Sch?ner Leben_Proz;V-Partei?;V-Partei?_Proz;Z_V-Partei?;Z_V-Partei?_Proz;Einzelbewerber H?velmann;Einzelbewerber H?velmann_Proz;Z_Einzelbewerber H?velmann;Z_Einzelbewerber H?velmann_Proz;Einzelbewerber Hubrich;Einzelbewerber Hubrich_Proz;Z_Einzelbewerber Hubrich;Z_Einzelbewerber Hubrich_Proz;Einzelbewerber Baedorf;Einzelbewerber Baedorf_Proz;Z_Einzelbewerber Baedorf;Z_Einzelbewerber Baedorf_Proz;LD;LD_Proz;Z_LD;Z_LD_Proz
;Altstadt-Nord;19;19;13143;9071;69,02;;9022;;49;9041;30;25,17;2407;26,68;2140;23,67;29,95;2960;32,81;2449;27,09;13,61;1202;13,32;1256;13,89;14,18;1049;11,63;1512;16,72;1,19;117;1,3;98;1,08;8,6;717;7,95;837;9,26;0,02;0;0;4;0,04;235;2,6;172;1,9;0;0;41;0,45;0;0;4;0,04;0;0;2;0,02;0;0;20;0,22;0;0;8;0,09;0;0;43;0,48;0;0;5;0,06;3,87;335;3,71;364;4,03;0;0;11;0,12;0;0;18;0,2;0;0;4;0,04;0;0;0;0;0;0;1;0,01;0;0;0;0;0;0;3;0,03;0;0;12;0,13;0;0;8;0,09;0;0;3;0,03;0;0;0;0;0;0;2;0,02;0;0;0;0;0;0;11;0,12;0;0;13;0,14;;;;;;;;;;;;;;;;
;Altstadt-Süd;28;28;20747;14027;67,61;;13935;;92;13946;81;29,37;4308;30,91;3882;27,84;25,07;3852;27,64;3139;22,51;14,54;1939;13,91;2115;15,17;11,53;1272;9,13;1944;13,94;1,21;164;1,18;174;1,25;9,94;1242;8,91;1529;10,96;0,03;0;0;9;0,06;682;4,89;266;1,91;0;0;37;0,27;0;0;39;0,28;0;0;4;0,03;0;0;33;0,24;0;0;5;0,04;0;0;70;0,5;0;0;6;0,04;3,6;453;3,25;551;3,95;0;0;4;0,03;0;0;22;0,16;0;0;7;0,05;23;0,17;12;0,09;0;0;4;0,03;0;0;1;0,01;0;0;5;0,04;0;0;13;0,09;0;0;11;0,08;0;0;14;0,1;0;0;0;0;0;0;3;0,02;0;0;2;0,01;0;0;11;0,08;0;0;34;0,24;;;;;;;;;;;;;;;;
;Bayenthal;10;10;6897;4960;71,92;;4929;;31;4937;23;26,1;1385;28,1;1190;24,1;30,94;1751;35,52;1302;26,37;12,29;577;11,71;636;12,88;15,04;521;10,57;963;19,51;0,74;33;0,67;40;0,81;7,79;342;6,94;427;8,65;0,05;0;0;5;0,1;156;3,16;59;1,2;0;0;24;0,49;0;0;11;0,22;0;0;4;0,08;0;0;14;0,28;0;0;2;0,04;0;0;24;0,49;0;0;6;0,12;3,46;159;3,23;182;3,69;0;0;4;0,08;0;0;6;0,12;0;0;0;0;5;0,1;2;0,04;0;0;0;0;0;0;0;0;0;0;5;0,1;0;0;5;0,1;0;0;3;0,06;0;0;6;0,12;0;0;1;0,02;0;0;4;0,08;0;0;1;0,02;0;0;3;0,06;0;0;8;0,16;;;;;;;;;;;;;;;;
;Bickendorf;15;15;10262;5688;55,43;;5615;;73;5632;56;34,04;2021;35,99;1807;32,08;20,38;1208;21,51;1084;19,25;11,96;678;12,07;667;11,84;8,99;429;7,64;582;10,33;1,73;122;2,17;73;1,3;10,69;561;9,99;641;11,38;0,16;0;0;18;0,32;129;2,3;85;1,51;0;0;32;0,57;0;0;41;0,73;0;0;1;0,02;0;0;11;0,2;0;0;9;0,16;0;0;43;0,76;0;0;13;0,23;7,89;411;7,32;476;8,45;0;0;2;0,04;0;0;6;0,11;0;0;1;0,02;0;0;1;0,02;0;0;0;0;0;0;3;0,05;0;0;5;0,09;0;0;8;0,14;0;0;2;0,04;0;0;7;0,12;0;0;0;0;0;0;5;0,09;0;0;0;0;0;0;2;0,04;0;0;7;0,12;56;1;0;0;;;;;;;;;;;;
;Bilderstöckchen;11;11;8756;4773;54,51;;4696;;77;4711;62;35,05;1763;37,54;1534;32,56;24,29;1218;25,94;1067;22,65;9,85;440;9,37;487;10,34;8,56;334;7,11;471;10;1,33;67;1,43;58;1,23;7,98;357;7,6;394;8,36;0,13;0;0;12;0,25;102;2,17;65;1,38;0;0;23;0,49;0;0;79;1,68;0;0;3;0,06;0;0;11;0,23;0;0;10;0,21;0;0;34;0,72;0;0;44;0,93;7,89;358;7,62;384;8,15;0;0;1;0,02;0;0;5;0,11;0;0;1;0,02;0;0;0;0;0;0;0;0;0;0;1;0,02;0;0;1;0,02;0;0;2;0,04;0;0;3;0,06;0;0;4;0,08;0;0;1;0,02;0;0;0;0;0;0;2;0,04;0;0;3;0,06;0;0;11;0,23;57;1,21;0;0;;;;;;;;;;;;
;Blumenberg;5;5;3415;1675;49,05;;1649;;26;1650;25;36,13;643;38,99;549;33,27;22,34;401;24,32;336;20,36;6,61;99;6;119;7,21;9,18;122;7,4;181;10,97;1,24;20;1,21;21;1,27;8,94;144;8,73;151;9,15;0,06;0;0;2;0,12;25;1,52;20;1,21;0;0;2;0,12;0;0;30;1,82;0;0;1;0,06;0;0;3;0,18;0;0;1;0,06;0;0;14;0,85;0;0;8;0,48;11,09;168;10,19;198;12;0;0;0;0;0;0;3;0,18;0;0;0;0;0;0;0;0;0;0;0;0;0;0;0;0;0;0;1;0,06;0;0;1;0,06;0;0;1;0,06;0;0;2;0,12;0;0;0;0;0;0;0;0;0;0;1;0,06;0;0;3;0,18;0;0;2;0,12;;;;;27;1,64;0;0;;;;;;;;
;Bocklemünd/Mengenich;9;9;6477;3540;54,65;;3487;;53;3502;38;36,13;1316;37,74;1209;34,52;28,17;1056;30,28;913;26,07;6,28;210;6,02;229;6,54;9,86;291;8,35;398;11,36;1,42;57;1,63;42;1,2;5,45;188;5,39;193;5,51;0,06;0;0;4;0,11;41;1,18;46;1,31;0;0;16;0,46;0;0;15;0,43;0;0;1;0,03;0;0;8;0,23;0;0;8;0,23;0;0;25;0,71;0;0;13;0,37;9,54;312;8,95;355;10,14;0;0;1;0,03;0;0;2;0,06;0;0;2;0,06;0;0;1;0,03;0;0;1;0,03;0;0;0;0;0;0;2;0,06;0;0;0;0;0;0;1;0,03;0;0;5;0,14;0;0;0;0;0;0;2;0,06;0;0;1;0,03;0;0;2;0,06;0;0;7;0,2;16;0,46;0;0;;;;;;;;;;;;
;Braunsfeld;13;13;9068;6830;75,32;;6783;;47;6790;40;25,9;1908;28,13;1608;23,68;33,59;2488;36,68;2071;30,5;11,78;766;11,29;833;12,27;15,74;796;11,74;1341;19,75;1,05;80;1,18;62;0,91;6,26;426;6,28;424;6,24;0,03;0;0;4;0,06;109;1,61;71;1,05;0;0;27;0,4;0;0;5;0,07;0;0;0;0;0;0;17;0,25;0;0;4;0,06;0;0;37;0,54;0;0;1;0,01;3,29;210;3,1;236;3,48;0;0;1;0,01;0;0;5;0,07;0;0;4;0,06;0;0;1;0,01;0;0;0;0;0;0;0;0;0;0;1;0,01;0;0;4;0,06;0;0;3;0,04;0;0;6;0,09;0;0;1;0,01;0;0;1;0,01;0;0;1;0,01;0;0;5;0,07;0;0;16;0,24;;;;;;;;;;;;;;;;
;Brück;13;13;7763;5492;70,75;;5445;;47;5456;36;29,59;1769;32,49;1457;26,7;36,43;2138;39,27;1833;33,6;7,84;377;6,92;478;8,76;11,68;447;8,21;826;15,14;0,73;46;0,84;34;0,62;4,79;257;4,72;265;4,86;0,06;0;0;7;0,13;0;0;42;0,77;0;0;20;0,37;0;0;4;0,07;0;0;1;0,02;91;1,67;59;1,08;0;0;4;0,07;0;0;42;0,77;0;0;3;0,05;5,77;300;5,51;329;6,03;0;0;6;0,11;0;0;3;0,05;0;0;1;0,02;0;0;1;0,02;0;0;2;0,04;0;0;0;0;0;0;3;0,05;0;0;4;0,07;0;0;6;0,11;0;0;5;0,09;0;0;2;0,04;0;0;2;0,04;0;0;3;0,05;0;0;4;0,07;0;0;10;0,18;;;;;;;;;20;0,37;0;0;;;;
;Buchforst;5;5;4296;2053;47,79;;2022;;31;2028;25;38,69;823;40,7;744;36,69;19,93;429;21,22;378;18,64;7,73;138;6,82;175;8,63;7,7;141;6,97;171;8,43;1,43;31;1,53;27;1,33;10,54;212;10,48;215;10,6;0,1;0;0;4;0,2;49;2,42;31;1,53;0;0;4;0,2;0;0;28;1,38;0;0;3;0,15;0;0;0;0;0;0;2;0,1;0;0;18;0,89;0;0;12;0,59;9,16;189;9,35;182;8,97;0;0;2;0,1;0;0;10;0,49;0;0;2;0,1;4;0,2;1;0,05;0;0;0;0;0;0;0;0;0;0;0;0;0;0;1;0,05;0;0;4;0,2;0;0;7;0,35;0;0;0;0;0;0;1;0,05;0;0;1;0,05;0;0;2;0,1;0;0;3;0,15;;;;;;;;;;;;;6;0,3;0;0
;Buchheim;10;10;7540;4003;53,09;;3924;;79;3950;53;35,95;1555;39,63;1276;32,3;23,24;949;24,18;881;22,3;7,94;272;6,93;353;8,94;8,22;264;6,73;383;9,7;1,74;84;2,14;53;1,34;9,27;346;8,82;384;9,72;0,18;0;0;14;0,35;94;2,4;68;1,72;0;0;14;0,35;0;0;45;1,14;0;0;1;0,03;0;0;13;0,33;0;0;5;0,13;0;0;42;1,06;0;0;41;1,04;8,18;316;8,05;328;8,3;0;0;2;0,05;0;0;2;0,05;0;0;4;0,1;9;0,23;1;0,03;0;0;2;0,05;0;0;2;0,05;0;0;2;0,05;0;0;3;0,08;0;0;4;0,1;0;0;10;0,25;0;0;1;0,03;0;0;4;0,1;0;0;0;0;0;0;3;0,08;0;0;9;0,23;;;;;;;;;;;;;35;0,89;0;0
;Chorweiler;6;6;5845;1865;31,91;;1801;;64;1807;58;35,78;692;38,42;599;33,15;22,87;432;23,99;393;21,75;4,3;62;3,44;93;5,15;6,74;105;5,83;138;7,64;1,25;23;1,28;22;1,22;12,25;216;11,99;226;12,51;0,17;0;0;6;0,33;24;1,33;13;0,72;0;0;8;0,44;0;0;30;1,66;0;0;0;0;0;0;1;0,06;0;0;2;0,11;0;0;8;0,44;0;0;10;0,55;13,41;236;13,1;248;13,72;0;0;4;0,22;0;0;0;0;0;0;1;0,06;0;0;0;0;0;0;0;0;0;0;0;0;0;0;1;0,06;0;0;0;0;0;0;2;0,11;0;0;0;0;0;0;0;0;0;0;0;0;0;0;0;0;0;0;0;0;0;0;2;0,11;;;;;11;0,61;0;0;;;;;;;;
;Dellbrück;29;29;16171;11501;71,12;;11402;;99;11437;64;33,55;4241;37,2;3421;29,91;29,45;3435;30,13;3292;28,78;10,18;1058;9,28;1266;11,07;11,69;1129;9,9;1540;13,47;0,94;128;1,12;87;0,76;6,14;645;5,66;757;6,62;0,1;0;0;22;0,19;175;1,53;114;1;0;0;49;0,43;0;0;12;0,1;0;0;3;0,03;0;0;29;0,25;0;0;6;0,05;0;0;72;0,63;0;0;12;0,1;5,38;572;5,02;656;5,74;0;0;3;0,03;0;0;13;0,11;0;0;8;0,07;11;0,1;4;0,03;0;0;1;0,01;0;0;6;0,05;0;0;4;0,03;0;0;14;0,12;0;0;7;0,06;0;0;10;0,09;0;0;1;0,01;0;0;2;0,02;0;0;2;0,02;0;0;4;0,03;0;0;20;0,17;;;;;;;;;;;;;8;0,07;0;0
;Deutz;18;18;11541;8212;71,16;;8131;;81;8157;55;30,06;2574;31,66;2322;28,47;27,13;2376;29,22;2043;25,05;14,61;1161;14,28;1218;14,93;10,06;690;8,49;949;11,63;1,11;110;1,35;71;0,87;8,97;673;8,28;788;9,66;0,04;0;0;6;0,07;205;2,52;160;1,96;0;0;31;0,38;0;0;20;0,25;0;0;1;0,01;0;0;19;0,23;0;0;5;0,06;0;0;50;0,61;0;0;8;0,1;4,39;342;4,21;373;4,57;0;0;6;0,07;0;0;15;0,18;0;0;1;0,01;0;0;6;0,07;0;0;8;0,1;0;0;1;0,01;0;0;5;0,06;0;0;15;0,18;0;0;6;0,07;0;0;13;0,16;0;0;1;0,01;0;0;1;0,01;0;0;1;0,01;0;0;6;0,07;0;0;8;0,1;;;;;;;;;;;;;;;;
;Dünnwald;11;11;7901;4652;58,88;;4619;;33;4614;38;36,36;1823;39,47;1534;33,25;28,16;1350;29,23;1250;27,09;7,15;282;6,11;378;8,19;10,48;424;9,18;544;11,79;1,23;70;1,52;44;0,95;6,44;280;6,06;315;6,83;0,17;0;0;16;0,35;65;1,41;41;0,89;0;0;24;0,52;0;0;11;0,24;0;0;1;0,02;0;0;5;0,11;0;0;6;0,13;0;0;46;1;0;0;10;0,22;7,03;308;6,67;341;7,39;0;0;5;0,11;0;0;3;0,07;0;0;5;0,11;9;0,19;2;0,04;0;0;2;0,04;0;0;2;0,04;0;0;3;0,07;0;0;6;0,13;0;0;3;0,07;0;0;2;0,04;0;0;1;0,02;0;0;5;0,11;0;0;1;0,02;0;0;1;0,02;0;0;7;0,15;;;;;;;;;;;;;8;0,17;0;0
;Ehrenfeld;32;32;26635;18300;68,71;;18197;;103;18190;110;29,44;5703;31,34;5010;27,54;16,87;3185;17,5;2952;16,23;20,63;3868;21,26;3637;19,99;8,54;1307;7,18;1800;9,9;1,88;398;2,19;286;1,57;13,94;2223;12,22;2851;15,67;0,04;0;0;15;0,08;575;3,16;446;2,45;0;0;83;0,46;0;0;38;0,21;0;0;10;0,05;0;0;55;0,3;0;0;11;0,06;0;0;116;0,64;0;0;22;0,12;3,16;542;2,98;609;3,35;0;0;9;0,05;0;0;52;0,29;0;0;9;0,05;0;0;9;0,05;0;0;4;0,02;0;0;3;0,02;0;0;5;0,03;0;0;28;0,15;0;0;17;0,09;0;0;31;0,17;0;0;4;0,02;0;0;8;0,04;0;0;2;0,01;0;0;28;0,15;0;0;40;0,22;396;2,18;0;0;;;;;;;;;;;;
;Eil;10;10;6145;3624;58,97;;3578;;46;3572;52;34,22;1331;37,2;1116;31,24;32,66;1262;35,27;1073;30,04;5,48;163;4,56;229;6,41;9,64;243;6,79;446;12,49;1,19;51;1,43;34;0,95;3,87;137;3,83;140;3,92;0,18;0;0;13;0,36;0;0;31;0,87;0;0;16;0,45;0;0;10;0,28;0;0;2;0,06;23;0,64;8;0,22;0;0;7;0,2;0;0;33;0,92;0;0;11;0,31;9,89;336;9,39;371;10,39;0;0;1;0,03;0;0;7;0,2;0;0;5;0,14;0;0;2;0,06;0;0;1;0,03;0;0;0;0;0;0;2;0,06;0;0;2;0,06;0;0;0;0;0;0;3;0,08;0;0;1;0,03;0;0;3;0,08;0;0;1;0,03;0;0;1;0,03;0;0;3;0,08;;;;;;;;;32;0,89;0;0;;;;
;Elsdorf;2;2;1199;731;60,97;;723;;8;721;10;35,39;280;38,73;231;32,04;35,66;271;37,48;244;33,84;4,78;32;4,43;37;5,13;9;41;5,67;89;12,34;0,48;4;0,55;3;0,42;4,78;34;4,7;35;4,85;0;0;0;0;0;0;0;3;0,42;0;0;4;0,55;0;0;1;0,14;0;0;1;0,14;2;0,28;1;0,14;0;0;1;0,14;0;0;4;0,55;0;0;2;0,28;7,34;51;7,05;55;7,63;0;0;0;0;0;0;3;0,42;0;0;0;0;0;0;0;0;0;0;0;0;0;0;0;0;0;0;1;0,14;0;0;1;0,14;0;0;2;0,28;0;0;0;0;0;0;2;0,28;0;0;0;0;0;0;0;0;0;0;0;0;0;0;1;0,14;;;;;;;;;8;1,11;0;0;;;;
;Ensen;7;7;5298;3230;60,97;;3188;;42;3200;30;33,53;1182;37,08;960;30;31,98;1094;34,32;949;29,66;5,95;151;4,74;229;7,16;10,32;248;7,78;411;12,84;1,21;41;1,29;36;1,13;6,01;191;5,99;193;6,03;0,08;0;0;5;0,16;0;0;28;0,88;0;0;21;0,66;0;0;8;0,25;0;0;0;0;17;0,53;5;0,16;0;0;3;0,09;0;0;24;0,75;0;0;7;0,22;8,17;238;7,47;284;8,88;0;0;2;0,06;0;0;0;0;0;0;1;0,03;0;0;0;0;0;0;4;0,13;0;0;0;0;0;0;2;0,06;0;0;6;0,19;0;0;0;0;0;0;7;0,22;0;0;2;0,06;0;0;3;0,09;0;0;2;0,06;0;0;3;0,09;0;0;5;0,16;;;;;;;;;26;0,82;0;0;;;;
;Esch/Auweiler;9;9;5078;3576;70,42;;3536;;40;3548;28;27,99;1029;29,1;954;26,89;38,78;1492;42,19;1255;35,37;6,2;196;5,54;243;6,85;12,75;354;10,01;549;15,47;0,9;34;0,96;30;0,85;3,87;134;3,79;140;3,95;0,13;0;0;9;0,25;31;0,88;21;0,59;0;0;5;0,14;0;0;8;0,23;0;0;0;0;0;0;7;0,2;0;0;3;0,08;0;0;24;0,68;0;0;7;0,2;7,62;256;7,24;284;8;0;0;0;0;0;0;1;0,03;0;0;0;0;0;0;0;0;0;0;4;0,11;0;0;0;0;0;0;2;0,06;0;0;0;0;0;0;0;0;0;0;0;0;0;0;0;0;0;0;0;0;0;0;0;0;0;0;0;0;0;0;2;0,06;;;;;10;0,28;0;0;;;;;;;;
;Finkenberg;4;4;2908;1283;44,12;;1252;;31;1254;29;33,76;461;36,82;385;30,7;32,76;418;33,39;403;32,14;4,03;43;3,43;58;4,63;7,06;71;5,67;106;8,45;0,52;9;0,72;4;0,32;7,1;91;7,27;87;6,94;0,16;0;0;4;0,32;0;0;2;0,16;0;0;4;0,32;0;0;11;0,88;0;0;0;0;3;0,24;1;0,08;0;0;2;0,16;0;0;10;0,8;0;0;7;0,56;12,21;149;11,9;157;12,52;0;0;1;0,08;0;0;0;0;0;0;0;0;0;0;1;0,08;0;0;0;0;0;0;0;0;0;0;3;0,24;0;0;0;0;0;0;0;0;0;0;3;0,24;0;0;2;0,16;0;0;1;0,08;0;0;0;0;0;0;0;0;0;0;2;0,16;;;;;;;;;7;0,56;0;0;;;;
;Flittard;9;9;5654;3256;57,59;;3219;;37;3220;36;36,47;1261;39,17;1087;33,76;29,49;999;31,03;900;27,95;5,03;149;4,63;175;5,43;10,68;284;8,82;404;12,55;1,29;39;1,21;44;1,37;4,18;134;4,16;135;4,19;0,17;0;0;11;0,34;55;1,71;30;0,93;0;0;21;0,65;0;0;11;0,34;0;0;2;0,06;0;0;4;0,12;0;0;2;0,06;0;0;27;0,84;0;0;6;0,19;9,6;290;9,01;328;10,19;0;0;2;0,06;0;0;0;0;0;0;5;0,16;3;0,09;1;0,03;0;0;1;0,03;0;0;1;0,03;0;0;5;0,16;0;0;2;0,06;0;0;2;0,06;0;0;4;0,12;0;0;1;0,03;0;0;1;0,03;0;0;1;0,03;0;0;4;0,12;0;0;3;0,09;;;;;;;;;;;;;5;0,16;0;0
;Fühlingen;3;3;1577;1166;73,94;;1159;;7;1157;9;27,25;342;29,51;289;24,98;38,82;486;41,93;413;35,7;7,69;73;6,3;105;9,08;13,51;123;10,61;190;16,42;1,04;13;1,12;11;0,95;3,5;37;3,19;44;3,8;0,04;0;0;1;0,09;10;0,86;9;0,78;0;0;5;0,43;0;0;0;0;0;0;0;0;0;0;0;0;0;0;0;0;0;0;11;0,95;0;0;0;0;6;67;5,78;72;6,22;0;0;1;0,09;0;0;0;0;0;0;0;0;0;0;0;0;0;0;0;0;0;0;0;0;0;0;0;0;0;0;1;0,09;0;0;0;0;0;0;1;0,09;0;0;0;0;0;0;1;0,09;0;0;2;0,17;0;0;0;0;0;0;1;0,09;;;;;8;0,69;0;0;;;;;;;;
;Godorf;3;3;1521;835;54,9;;832;;3;826;9;31,42;262;31,49;259;31,36;35,1;320;38,46;262;31,72;5,07;36;4,33;48;5,81;8,08;51;6,13;83;10,05;1,57;16;1,92;10;1,21;5,97;50;6,01;49;5,93;0,18;0;0;3;0,36;24;2,88;12;1,45;0;0;2;0,24;0;0;2;0,24;0;0;0;0;0;0;0;0;0;0;2;0,24;0;0;7;0,85;0;0;2;0,24;8,75;71;8,53;74;8,96;0;0;2;0,24;0;0;0;0;0;0;1;0,12;2;0,24;2;0,24;0;0;0;0;0;0;0;0;0;0;0;0;0;0;1;0,12;0;0;2;0,24;0;0;1;0,12;0;0;0;0;0;0;0;0;0;0;0;0;0;0;1;0,12;0;0;1;0,12;;;;;;;;;;;;;;;;
;Gremberghoven;3;3;1281;576;44,96;;567;;9;570;6;38,52;236;41,62;202;35,44;21,28;129;22,75;113;19,82;5,1;27;4,76;31;5,44;5,28;22;3,88;38;6,67;2,02;15;2,65;8;1,4;9,5;56;9,88;52;9,12;0,44;0;0;5;0,88;0;0;13;2,28;0;0;3;0,53;0;0;9;1,58;0;0;0;0;1;0,18;0;0;0;0;0;0;0;0;3;0,53;0;0;7;1,23;13,1;72;12,7;77;13,51;0;0;1;0,18;0;0;2;0,35;0;0;0;0;0;0;0;0;0;0;0;0;0;0;0;0;0;0;0;0;0;0;0;0;0;0;1;0,18;0;0;3;0,53;0;0;0;0;0;0;1;0,18;0;0;0;0;0;0;1;0,18;0;0;0;0;;;;;;;;;9;1,59;0;0;;;;
;Grengel;4;4;3713;2025;54,54;;2004;;21;2003;22;33,74;726;36,23;626;31,25;29,52;628;31,34;555;27,71;6,06;109;5,44;134;6,69;10,21;162;8,08;247;12,33;0,9;19;0,95;17;0,85;5,39;107;5,34;109;5,44;0,15;0;0;6;0,3;0;0;9;0,45;0;0;8;0,4;0;0;0;0;0;0;0;0;11;0,55;3;0,15;0;0;2;0,1;0;0;22;1,1;0;0;5;0,25;11,63;229;11,43;237;11,83;0;0;1;0,05;0;0;1;0,05;0;0;1;0,05;0;0;1;0,05;0;0;2;0,1;0;0;0;0;0;0;6;0,3;0;0;0;0;0;0;3;0,15;0;0;0;0;0;0;0;0;0;0;0;0;0;0;2;0,1;0;0;1;0,05;0;0;5;0,25;;;;;;;;;13;0,65;0;0;;;;
;Hahnwald;3;3;1437;1180;82,12;;1177;;3;1180;0;6,11;75;6,37;69;5,85;57,7;774;65,76;586;49,66;3,1;34;2,89;39;3,31;26,35;220;18,69;401;33,98;0,3;4;0,34;3;0,25;1,06;12;1,02;13;1,1;0,04;0;0;1;0,08;9;0,76;5;0,42;0;0;5;0,42;0;0;0;0;0;0;0;0;0;0;0;0;0;0;0;0;0;0;1;0,08;0;0;0;0;4,45;49;4,16;56;4,75;0;0;0;0;0;0;0;0;0;0;0;0;0;0;0;0;0;0;0;0;0;0;0;0;0;0;0;0;0;0;0;0;0;0;0;0;0;0;0;0;0;0;0;0;0;0;0;0;0;0;0;0;0;0;0;0;0;0;1;0,08;;;;;;;;;;;;;;;;
;Heimersdorf;7;7;4608;2974;64,54;;2943;;31;2945;29;34,73;1067;36,26;978;33,21;35,36;1115;37,89;967;32,84;5,86;153;5,2;192;6,52;8,95;213;7,24;314;10,66;0,85;29;0,99;21;0,71;3,69;105;3,57;112;3,8;0,17;0;0;10;0,34;34;1,16;19;0,65;0;0;14;0,48;0;0;9;0,31;0;0;0;0;0;0;3;0,1;0;0;3;0,1;0;0;12;0,41;0;0;7;0,24;7,91;211;7,17;255;8,66;0;0;0;0;0;0;2;0,07;0;0;3;0,1;0;0;0;0;0;0;1;0,03;0;0;2;0,07;0;0;2;0,07;0;0;5;0,17;0;0;2;0,07;0;0;1;0,03;0;0;0;0;0;0;3;0,1;0;0;0;0;0;0;4;0,14;0;0;4;0,14;;;;;16;0,54;0;0;;;;;;;;
;Höhenberg;8;8;6783;3283;48,4;;3249;;34;3250;33;37,78;1285;39,55;1170;36;20,28;696;21,42;622;19,14;7,43;231;7,11;252;7,75;7,09;202;6,22;259;7,97;1,89;71;2,19;52;1,6;10,69;339;10,43;356;10,95;0,26;0;0;17;0,52;99;3,05;55;1,69;0;0;14;0,43;0;0;26;0,8;0;0;2;0,06;0;0;8;0,25;0;0;4;0,12;0;0;39;1,2;0;0;13;0,4;9,88;326;10,03;316;9,72;0;0;1;0,03;0;0;7;0,22;0;0;4;0,12;0;0;2;0,06;0;0;0;0;0;0;4;0,12;0;0;1;0,03;0;0;3;0,09;0;0;2;0,06;0;0;8;0,25;0;0;1;0,03;0;0;4;0,12;0;0;0;0;0;0;2;0,06;0;0;6;0,18;;;;;;;;;;;;;;;;
;Höhenhaus;16;16;10724;6674;62,23;;6596;;78;6615;59;38,88;2774;42,06;2362;35,71;27,92;1910;28,96;1778;26,88;7,3;410;6,22;555;8,39;9,42;514;7,79;730;11,04;1,11;79;1,2;67;1,01;5,25;349;5,29;345;5,22;0,14;0;0;19;0,29;98;1,49;57;0,86;0;0;27;0,41;0;0;23;0,35;0;0;2;0,03;0;0;10;0,15;0;0;9;0,14;0;0;46;0,7;0;0;12;0,18;7,09;440;6,67;496;7,5;0;0;7;0,11;0;0;5;0,08;0;0;4;0,06;18;0,27;9;0,14;0;0;2;0,03;0;0;3;0,05;0;0;6;0,09;0;0;5;0,08;0;0;4;0,06;0;0;11;0,17;0;0;0;0;0;0;8;0,12;0;0;2;0,03;0;0;0;0;0;0;11;0,17;;;;;;;;;;;;;4;0,06;0;0
;Holweide;17;17;13849;7912;57,13;;7819;;93;7834;78;35,04;2997;38,33;2488;31,76;26,29;2138;27,34;1977;25,24;8,45;601;7,69;721;9,2;9,44;613;7,84;865;11,04;1,58;134;1,71;114;1,46;7,77;571;7,3;645;8,23;0,15;0;0;23;0,29;144;1,84;112;1,43;0;0;31;0,4;0;0;25;0,32;0;0;4;0,05;0;0;17;0,22;0;0;7;0,09;0;0;64;0,82;0;0;25;0,32;7,9;598;7,65;638;8,14;0;0;5;0,06;0;0;7;0,09;0;0;5;0,06;11;0,14;5;0,06;0;0;1;0,01;0;0;4;0,05;0;0;5;0,06;0;0;14;0,18;0;0;10;0,13;0;0;6;0,08;0;0;1;0,01;0;0;1;0,01;0;0;1;0,01;0;0;3;0,04;0;0;10;0,13;;;;;;;;;;;;;12;0,15;0;0
;Humboldt/Gremberg;9;9;8575;4333;50,53;;4267;;66;4267;66;34,32;1574;36,89;1355;31,76;20,13;914;21,42;804;18,84;9,44;380;8,91;426;9,98;8,18;305;7,15;393;9,21;1,76;82;1,92;68;1,59;11,58;489;11,46;499;11,69;0,15;0;0;13;0,3;141;3,3;90;2,11;0;0;10;0,23;0;0;37;0,87;0;0;4;0,09;0;0;13;0,3;0;0;7;0,16;0;0;42;0,98;0;0;24;0,56;9,28;382;8,95;410;9,61;0;0;7;0,16;0;0;14;0,33;0;0;5;0,12;0;0;4;0,09;0;0;0;0;0;0;2;0,05;0;0;3;0,07;0;0;3;0,07;0;0;12;0,28;0;0;8;0,19;0;0;1;0,02;0;0;1;0,02;0;0;0;0;0;0;3;0,07;0;0;9;0,21;;;;;;;;;;;;;;;;
;Immendorf;3;3;1446;930;64,32;;918;;12;915;15;31,97;297;32,35;289;31,58;35,95;361;39,32;298;32,57;6,27;52;5,66;63;6,89;11,29;78;8,5;129;14,1;0,82;9;0,98;6;0,66;3,33;32;3,49;29;3,17;0,16;0;0;3;0,33;21;2,29;6;0,66;0;0;3;0,33;0;0;5;0,55;0;0;2;0,22;0;0;2;0,22;0;0;1;0,11;0;0;7;0,77;0;0;0;0;7,26;68;7,41;65;7,1;0;0;0;0;0;0;1;0,11;0;0;1;0,11;0;0;0;0;0;0;0;0;0;0;0;0;0;0;1;0,11;0;0;0;0;0;0;2;0,22;0;0;2;0,22;0;0;0;0;0;0;0;0;0;0;0;0;0;0;0;0;0;0;0;0;;;;;;;;;;;;;;;;
;Junkersdorf;14;14;10335;7851;75,97;;7823;;28;7822;29;19,9;1695;21,67;1418;18,13;43,61;3812;48,73;3011;38,49;8,18;581;7,43;699;8,94;19,15;1070;13,68;1926;24,62;0,8;68;0,87;57;0,73;3,8;308;3,94;287;3,67;0,03;0;0;5;0,06;80;1,02;48;0,61;0;0;16;0,2;0;0;1;0,01;0;0;1;0,01;0;0;9;0,12;0;0;4;0,05;0;0;40;0,51;0;0;3;0,04;3;209;2,67;261;3,34;0;0;2;0,03;0;0;5;0,06;0;0;3;0,04;0;0;3;0,04;0;0;0;0;0;0;0;0;0;0;3;0,04;0;0;7;0,09;0;0;3;0,04;0;0;1;0,01;0;0;1;0,01;0;0;0;0;0;0;0;0;0;0;2;0,03;0;0;6;0,08;;;;;;;;;;;;;;;;
;Kalk;12;12;12128;6027;49,69;;5944;;83;5974;53;32,67;2060;34,66;1834;30,7;16,85;1079;18,15;929;15,55;12,25;732;12,31;728;12,19;6,63;330;5,55;460;7,7;1,85;120;2,02;100;1,67;16,56;968;16,29;1006;16,84;0,11;0;0;13;0,22;260;4,37;197;3,3;0;0;19;0,32;0;0;55;0,92;0;0;0;0;0;0;17;0,28;0;0;3;0,05;0;0;55;0,92;0;0;34;0,57;6,7;395;6,65;404;6,76;0;0;3;0,05;0;0;19;0,32;0;0;4;0,07;0;0;12;0,2;0;0;1;0,02;0;0;3;0,05;0;0;1;0,02;0;0;8;0,13;0;0;13;0,22;0;0;24;0,4;0;0;1;0,02;0;0;5;0,08;0;0;1;0,02;0;0;10;0,17;0;0;15;0,25;;;;;;;;;;;;;;;;
;Klettenberg;13;13;8317;6560;78,87;;6518;;42;6521;39;31,15;2309;35,42;1752;26,87;26,69;1860;28,54;1620;24,84;15,18;885;13,58;1094;16,78;11,99;571;8,76;993;15,23;0,78;54;0,83;48;0,74;9,04;573;8,79;606;9,29;0,02;0;0;2;0,03;99;1,52;65;1;0;0;24;0,37;0;0;3;0,05;0;0;0;0;0;0;12;0,18;0;0;3;0,05;0;0;27;0,41;0;0;1;0,02;2,9;167;2,56;211;3,24;0;0;6;0,09;0;0;11;0,17;0;0;2;0,03;0;0;2;0,03;0;0;1;0,02;0;0;0;0;0;0;1;0,02;0;0;3;0,05;0;0;2;0,03;0;0;14;0,21;0;0;0;0;0;0;1;0,02;0;0;0;0;0;0;4;0,06;0;0;13;0,2;;;;;;;;;;;;;;;;
;Langel;5;5;2641;1886;71,41;;1865;;21;1869;17;30,42;617;33,08;519;27,77;37,33;748;40,11;646;34,56;6,64;110;5,9;138;7,38;9,96;113;6,06;259;13,86;0,8;15;0,8;15;0,8;3,83;65;3,49;78;4,17;0,05;0;0;2;0,11;0;0;16;0,86;0;0;5;0,27;0;0;0;0;0;0;1;0,05;3;0,16;1;0,05;0;0;4;0,21;0;0;19;1,02;0;0;0;0;7,39;129;6,92;147;7,87;0;0;3;0,16;0;0;0;0;0;0;2;0,11;0;0;0;0;0;0;1;0,05;0;0;1;0,05;0;0;1;0,05;0;0;2;0,11;0;0;1;0,05;0;0;0;0;0;0;0;0;0;0;1;0,05;0;0;1;0,05;0;0;1;0,05;0;0;5;0,27;;;;;;;;;65;3,49;0;0;;;;
;Libur;2;2;859;635;73,92;;632;;3;631;4;24,47;162;25,63;147;23,3;48,77;337;53,32;279;44,22;4,83;27;4,27;34;5,39;8,79;40;6,33;71;11,25;0,48;3;0,47;3;0,48;3,01;14;2,22;24;3,8;0,08;0;0;1;0,16;0;0;0;0;0;0;3;0,48;0;0;0;0;0;0;0;0;1;0,16;0;0;0;0;1;0,16;0;0;7;1,11;0;0;0;0;7,92;41;6,49;59;9,35;0;0;0;0;0;0;0;0;0;0;0;0;0;0;0;0;0;0;0;0;0;0;0;0;0;0;0;0;0;0;1;0,16;0;0;1;0,16;0;0;0;0;0;0;0;0;0;0;0;0;0;0;0;0;0;0;0;0;0;0;0;0;;;;;;;;;7;1,11;0;0;;;;
;Lind;5;5;2546;1615;63,43;;1597;;18;1600;15;35,35;610;38,2;520;32,5;31,15;535;33,5;461;28,81;4,75;71;4,45;81;5,06;11,04;140;8,77;213;13,31;1,19;19;1,19;19;1,19;4,6;63;3,94;84;5,25;0,22;0;0;7;0,44;0;0;9;0,56;0;0;1;0,06;0;0;1;0,06;0;0;5;0,31;6;0,38;1;0,06;0;0;2;0,13;0;0;16;1;0;0;0;0;9,6;142;8,89;165;10,31;0;0;0;0;0;0;1;0,06;0;0;4;0,25;0;0;0;0;0;0;0;0;0;0;0;0;0;0;1;0,06;0;0;2;0,13;0;0;6;0,38;0;0;0;0;0;0;0;0;0;0;0;0;0;0;1;0,06;0;0;0;0;0;0;0;0;;;;;;;;;11;0,69;0;0;;;;
;Lindenthal;37;37;24030;18563;77,25;;18473;;90;18496;67;24,97;5076;27,48;4154;22,46;34,66;7056;38,2;5756;31,12;12,7;2145;11,61;2549;13,78;15,21;2048;11,09;3576;19,33;0,79;150;0,81;142;0,77;6,54;1229;6,65;1189;6,43;0,01;0;0;2;0,01;267;1,45;185;1;0;0;53;0,29;0;0;11;0,06;0;0;1;0,01;0;0;41;0,22;0;0;11;0,06;0;0;68;0,37;0;0;6;0,03;3;502;2,72;607;3,28;0;0;5;0,03;0;0;23;0,12;0;0;8;0,04;0;0;1;0,01;0;0;4;0,02;0;0;2;0,01;0;0;3;0,02;0;0;27;0,15;0;0;8;0,04;0;0;11;0,06;0;0;0;0;0;0;6;0,03;0;0;1;0,01;0;0;11;0,06;0;0;35;0,19;;;;;;;;;;;;;;;;
;Lindweiler;3;3;2298;1159;50,44;;1132;;27;1139;20;31,92;368;32,51;357;31,34;34,57;417;36,84;368;32,31;4,32;51;4,51;47;4,13;8,76;83;7,33;116;10,18;1,37;16;1,41;15;1,32;5,33;64;5,65;57;5;0,09;0;0;2;0,18;12;1,06;7;0,61;0;0;4;0,35;0;0;12;1,05;0;0;0;0;0;0;1;0,09;0;0;1;0,09;0;0;9;0,79;0;0;5;0,44;10,66;113;9,98;129;11,33;0;0;2;0,18;0;0;1;0,09;0;0;0;0;0;0;0;0;0;0;0;0;0;0;0;0;0;0;1;0,09;0;0;0;0;0;0;1;0,09;0;0;0;0;0;0;1;0,09;0;0;1;0,09;0;0;0;0;0;0;0;0;0;0;2;0,18;;;;;8;0,71;0;0;;;;;;;;
;Lövenich;11;11;6643;5140;77,37;;5099;;41;5106;34;25,52;1395;27,36;1209;23,68;40,31;2242;43,97;1872;36,66;8,05;387;7,59;435;8,52;15,71;594;11,65;1009;19,76;0,84;47;0,92;39;0,76;3,93;204;4;197;3,86;0,06;0;0;6;0,12;45;0,88;30;0,59;0;0;20;0,39;0;0;2;0,04;0;0;0;0;0;0;11;0,22;0;0;3;0,06;0;0;32;0,63;0;0;1;0,02;3,91;185;3,63;214;4,19;0;0;1;0,02;0;0;1;0,02;0;0;2;0,04;0;0;1;0,02;0;0;0;0;0;0;0;0;0;0;0;0;0;0;3;0,06;0;0;4;0,08;0;0;0;0;0;0;0;0;0;0;2;0,04;0;0;0;0;0;0;5;0,1;0;0;7;0,14;;;;;;;;;;;;;;;;
;Longerich;17;17;9829;6649;67,65;;6580;;69;6571;78;31,78;2217;33,69;1962;29,86;36,65;2612;39,7;2208;33,6;7,19;430;6,53;515;7,84;10,32;506;7,69;851;12,95;0,97;65;0,99;63;0,96;4,46;269;4,09;317;4,82;0,12;0;0;16;0,24;66;1;49;0,75;0;0;19;0,29;0;0;12;0,18;0;0;2;0,03;0;0;13;0,2;0;0;6;0,09;0;0;45;0,68;0;0;9;0,14;6,27;388;5,9;437;6,65;0;0;5;0,08;0;0;7;0,11;0;0;1;0,02;0;0;0;0;0;0;3;0,05;0;0;0;0;0;0;6;0,09;0;0;2;0,03;0;0;4;0,06;0;0;4;0,06;0;0;2;0,03;0;0;3;0,05;0;0;0;0;0;0;3;0,05;0;0;7;0,11;;;;;27;0,41;0;0;;;;;;;;
;Marienburg;6;6;4697;3377;71,9;;3358;;19;3361;16;16,7;586;17,45;536;15,95;46,12;1841;54,82;1258;37,43;7,31;228;6,79;263;7,83;19,29;380;11,32;916;27,25;0,63;23;0,68;19;0,57;3,69;114;3,39;134;3,99;0,01;0;0;1;0,03;46;1,37;21;0,62;0;0;8;0,24;0;0;3;0,09;0;0;0;0;0;0;6;0,18;0;0;2;0,06;0;0;12;0,36;0;0;3;0,09;4,51;139;4,14;164;4,88;0;0;0;0;0;0;1;0,03;0;0;2;0,06;1;0,03;0;0;0;0;0;0;0;0;0;0;0;0;0;0;0;0;0;0;0;0;3;0,09;0;0;3;0,09;0;0;0;0;0;0;0;0;0;0;0;0;0;0;2;0,06;0;0;4;0,12;;;;;;;;;;;;;;;;
;Mauenheim;5;5;3896;2540;65,2;;2510;;30;2518;22;35,38;952;37,93;827;32,84;23,17;627;24,98;538;21,37;11,61;272;10,84;312;12,39;8,17;167;6,65;244;9,69;1,21;33;1,31;28;1,11;9,65;219;8,73;266;10,56;0,16;0;0;8;0,32;72;2,87;43;1,71;0;0;12;0,48;0;0;12;0,48;0;0;0;0;0;0;3;0,12;0;0;3;0,12;0;0;20;0,79;0;0;5;0,2;6,66;160;6,37;175;6,95;0;0;1;0,04;0;0;2;0,08;0;0;0;0;0;0;0;0;0;0;2;0,08;0;0;1;0,04;0;0;0;0;0;0;2;0,08;0;0;2;0,08;0;0;2;0,08;0;0;1;0,04;0;0;5;0,2;0;0;0;0;0;0;2;0,08;0;0;2;0,08;;;;;8;0,32;0;0;;;;;;;;
;Merheim;9;9;6965;4298;61,71;;4275;;23;4282;16;34,94;1644;38,46;1346;31,43;31,69;1431;33,47;1281;29,92;5,87;224;5,24;278;6,49;8,95;276;6,46;490;11,44;1,24;63;1,47;43;1;5,98;250;5,85;262;6,12;0,21;0;0;18;0,42;0;0;43;1;0;0;21;0,49;0;0;25;0,58;0;0;2;0,05;33;0,77;14;0,33;0;0;2;0,05;0;0;38;0,89;0;0;19;0,44;7,98;327;7,65;356;8,31;0;0;1;0,02;0;0;3;0,07;0;0;4;0,09;0;0;1;0,02;0;0;1;0,02;0;0;0;0;0;0;6;0,14;0;0;3;0,07;0;0;1;0,02;0;0;11;0,26;0;0;0;0;0;0;1;0,02;0;0;0;0;0;0;6;0,14;0;0;6;0,14;;;;;;;;;27;0,63;0;0;;;;
;Merkenich;6;6;4074;2483;60,95;;2441;;42;2445;38;28,41;715;29,29;673;27,53;39,03;1020;41,79;887;36,28;5,12;113;4,63;137;5,6;10,05;214;8,77;277;11,33;1,23;32;1,31;28;1,15;4,2;93;3,81;112;4,58;0,14;0;0;7;0,29;34;1,39;23;0,94;0;0;12;0,49;0;0;9;0,37;0;0;2;0,08;0;0;3;0,12;0;0;1;0,04;0;0;20;0,82;0;0;5;0,2;9,11;213;8,73;232;9,49;0;0;2;0,08;0;0;1;0,04;0;0;1;0,04;0;0;0;0;0;0;1;0,04;0;0;1;0,04;0;0;2;0,08;0;0;0;0;0;0;0;0;0;0;2;0,08;0;0;0;0;0;0;0;0;0;0;0;0;0;0;3;0,12;0;0;4;0,16;;;;;7;0,29;0;0;;;;;;;;
;Meschenich;5;5;3511;1895;53,97;;1864;;31;1877;18;35,2;717;38,47;600;31,97;32,69;653;35,03;570;30,37;3,96;61;3,27;87;4,64;8,98;128;6,87;208;11,08;1,42;24;1,29;29;1,55;4,33;77;4,13;85;4,53;0,21;0;0;8;0,43;48;2,58;20;1,07;0;0;10;0,53;0;0;28;1,49;0;0;0;0;0;0;1;0,05;0;0;0;0;0;0;16;0,85;0;0;14;0,75;8,87;154;8,26;178;9,48;0;0;2;0,11;0;0;1;0,05;0;0;1;0,05;2;0,11;2;0,11;0;0;2;0,11;0;0;0;0;0;0;4;0,21;0;0;1;0,05;0;0;0;0;0;0;0;0;0;0;1;0,05;0;0;4;0,21;0;0;0;0;0;0;1;0,05;0;0;4;0,21;;;;;;;;;;;;;;;;
;Mülheim;30;30;23873;13240;55,46;;13088;;152;13144;96;32,51;4696;35,88;3832;29,15;19,72;2645;20,21;2528;19,23;12,29;1522;11,63;1701;12,94;8,25;928;7,09;1235;9,4;2,08;304;2,32;241;1,83;13,06;1576;12,04;1849;14,07;0,12;0;0;32;0,24;543;4,15;372;2,83;0;0;58;0,44;0;0;64;0,49;0;0;1;0,01;0;0;36;0,27;0;0;12;0,09;0;0;85;0,65;0;0;60;0,46;6,11;775;5,92;827;6,29;0;0;13;0,1;0;0;22;0,17;0;0;8;0,06;83;0,63;23;0,17;0;0;2;0,02;0;0;2;0,02;0;0;15;0,11;0;0;15;0,11;0;0;10;0,08;0;0;48;0,37;0;0;3;0,02;0;0;7;0,05;0;0;1;0,01;0;0;12;0,09;0;0;30;0,23;;;;;;;;;;;;;16;0,12;0;0
;Müngersdorf;9;9;6108;4201;68,78;;4177;;24;4181;20;20,7;935;22,38;795;19,01;41,17;1929;46,18;1512;36,16;7,3;272;6,51;338;8,08;20,41;647;15,49;1059;25,33;0,8;36;0,86;31;0,74;3,7;153;3,66;156;3,73;0,06;0;0;5;0,12;54;1,29;32;0,77;0;0;15;0,36;0;0;3;0,07;0;0;0;0;0;0;4;0,1;0;0;0;0;0;0;18;0,43;0;0;5;0,12;4,06;151;3,62;188;4,5;0;0;2;0,05;0;0;2;0,05;0;0;3;0,07;0;0;1;0,02;0;0;1;0,02;0;0;0;0;0;0;2;0,05;0;0;2;0,05;0;0;1;0,02;0;0;1;0,02;0;0;0;0;0;0;0;0;0;0;0;0;0;0;0;0;0;0;5;0,12;;;;;;;;;;;;;;;;
;Neubrück;8;8;5155;2607;50,57;;2567;;40;2569;38;33,18;890;34,67;814;31,69;32,24;884;34,44;772;30,05;3,86;84;3,27;114;4,44;9,75;223;8,69;278;10,82;0,84;23;0,9;20;0,78;5,53;139;5,41;145;5,64;0,43;0;0;22;0,86;35;1,36;24;0,93;0;0;5;0,19;0;0;25;0,97;0;0;2;0,08;0;0;6;0,23;0;0;3;0,12;0;0;16;0,62;0;0;8;0,31;11,43;289;11,26;298;11,6;0;0;1;0,04;0;0;4;0,16;0;0;2;0,08;0;0;3;0,12;0;0;0;0;0;0;0;0;0;0;0;0;0;0;0;0;0;0;3;0,12;0;0;2;0,08;0;0;0;0;0;0;1;0,04;0;0;0;0;0;0;0;0;0;0;1;0,04;;;;;;;;;;;;;;;;
;Neuehrenfeld;26;26;17281;12272;71,01;;12165;;107;12186;86;30,66;3930;32,31;3535;29,01;21,9;2799;23,01;2533;20,79;17,77;2227;18,31;2100;17,23;9,5;923;7,59;1391;11,41;1,4;186;1,53;156;1,28;10,79;1199;9,86;1428;11,72;0,05;0;0;11;0,09;275;2,26;209;1,72;0;0;40;0,33;0;0;28;0,23;0;0;2;0,02;0;0;31;0,25;0;0;10;0,08;0;0;74;0,61;0;0;13;0,11;3,87;439;3,61;504;4,14;0;0;4;0,03;0;0;22;0,18;0;0;4;0,03;0;0;5;0,04;0;0;4;0,03;0;0;1;0,01;0;0;7;0,06;0;0;11;0,09;0;0;12;0,1;0;0;17;0,14;0;0;1;0,01;0;0;4;0,03;0;0;1;0,01;0;0;10;0,08;0;0;18;0,15;187;1,54;0;0;;;;;;;;;;;;
;Neustadt/Nord;34;34;21625;15877;73,42;;15778;;99;15805;72;27,13;4490;28,46;4077;25,8;23,26;4054;25,69;3292;20,83;18,58;2921;18,51;2946;18,64;12,72;1658;10,51;2360;14,93;1,03;173;1,1;153;0,97;11,22;1681;10,65;1863;11,79;0,03;0;0;8;0,05;320;2,03;246;1,56;0;0;51;0,32;0;0;10;0,06;0;0;6;0,04;0;0;28;0,18;0;0;7;0,04;0;0;84;0,53;0;0;16;0,1;3,12;481;3,05;505;3,2;0;0;4;0,03;0;0;35;0,22;0;0;6;0,04;0;0;2;0,01;0;0;3;0,02;0;0;1;0,01;0;0;1;0,01;0;0;18;0,11;0;0;10;0,06;0;0;17;0,11;0;0;1;0,01;0;0;5;0,03;0;0;0;0;0;0;16;0,1;0;0;34;0,22;;;;;;;;;;;;;;;;
;Neustadt/Süd;44;44;29476;21239;72,06;;21125;;114;21150;89;27,86;6286;29,76;5493;25,97;21,1;5012;23,73;3910;18,49;19,1;3968;18,78;4108;19,42;12,04;1963;9,29;3125;14,78;1,18;256;1,21;241;1,14;11,6;2129;10,08;2777;13,13;0,02;0;0;9;0,04;979;4,63;400;1,89;0;0;79;0,37;0;0;18;0,09;0;0;5;0,02;0;0;59;0,28;0;0;10;0,05;0;0;69;0,33;0;0;6;0,03;2,56;496;2,35;585;2,77;0;0;6;0,03;0;0;39;0,18;0;0;9;0,04;36;0,17;11;0,05;0;0;6;0,03;0;0;0;0;0;0;2;0,01;0;0;32;0,15;0;0;28;0,13;0;0;33;0,16;0;0;1;0;0;0;6;0,03;0;0;1;0;0;0;23;0,11;0;0;59;0,28;;;;;;;;;;;;;;;;
;Niehl;18;18;12561;7577;60,32;;7497;;80;7500;77;33,83;2693;35,92;2381;31,75;27,57;2220;29,61;1914;25,52;9,42;654;8,72;758;10,11;9,86;612;8,16;866;11,55;1,13;84;1,12;85;1,13;7,81;580;7,74;592;7,89;0,11;0;0;16;0,21;161;2,15;104;1,39;0;0;22;0,29;0;0;50;0,67;0;0;4;0,05;0;0;11;0,15;0;0;13;0,17;0;0;60;0,8;0;0;29;0,39;6,63;472;6,3;522;6,96;0;0;5;0,07;0;0;10;0,13;0;0;4;0,05;0;0;1;0,01;0;0;2;0,03;0;0;2;0,03;0;0;5;0,07;0;0;12;0,16;0;0;3;0,04;0;0;9;0,12;0;0;1;0,01;0;0;4;0,05;0;0;1;0,01;0;0;7;0,09;0;0;7;0,09;;;;;21;0,28;0;0;;;;;;;;
;Nippes;35;35;25163;18268;72,6;;18138;;130;18187;81;30,25;5612;30,94;5378;29,57;18,68;3538;19,51;3247;17,85;22,02;4270;23,54;3730;20,51;8,72;1311;7,23;1857;10,21;1,35;270;1,49;219;1,2;11,45;1817;10,02;2344;12,89;0,04;0;0;14;0,08;499;2,75;329;1,81;0;0;54;0,3;0;0;37;0,2;0;0;7;0,04;0;0;34;0,19;0;0;13;0,07;0;0;94;0,52;0;0;36;0,2;3,19;532;2,93;626;3,44;0;0;10;0,05;0;0;22;0,12;0;0;8;0,04;0;0;3;0,02;0;0;3;0,02;0;0;2;0,01;0;0;5;0,03;0;0;18;0,1;0;0;15;0,08;0;0;19;0,1;0;0;0;0;0;0;10;0,05;0;0;1;0,01;0;0;17;0,09;0;0;35;0,19;289;1,59;0;0;;;;;;;;;;;;
;Ossendorf;7;7;6242;3531;56,57;;3486;;45;3495;36;31,01;1155;33,13;1010;28,9;26,26;971;27,85;862;24,66;9,87;344;9,87;345;9,87;10,33;307;8,81;414;11,85;1,45;57;1,64;44;1,26;8,85;282;8,09;336;9,61;0,19;0;0;13;0,37;56;1,61;31;0,89;0;0;13;0,37;0;0;20;0,57;0;0;2;0,06;0;0;10;0,29;0;0;3;0,09;0;0;37;1,06;0;0;21;0,6;8,34;277;7,95;305;8,73;0;0;3;0,09;0;0;5;0,14;0;0;3;0,09;0;0;1;0,03;0;0;0;0;0;0;1;0,03;0;0;0;0;0;0;2;0,06;0;0;3;0,09;0;0;2;0,06;0;0;1;0,03;0;0;0;0;0;0;0;0;0;0;4;0,11;0;0;4;0,11;37;1,06;0;0;;;;;;;;;;;;
;Ostheim;8;8;6857;3342;48,74;;3282;;60;3303;39;33,24;1161;35,37;1028;31,12;28,32;997;30,38;868;26,28;7,3;215;6,55;266;8,05;9,79;269;8,2;376;11,38;1,21;47;1,43;33;1;7;220;6,7;241;7,3;0,18;0;0;12;0,36;43;1,31;33;1;0;0;7;0,21;0;0;17;0,51;0;0;1;0,03;0;0;6;0,18;0;0;2;0,06;0;0;30;0,91;0;0;21;0,64;9,9;330;10,05;322;9,75;0;0;3;0,09;0;0;1;0,03;0;0;2;0,06;0;0;3;0,09;0;0;0;0;0;0;1;0,03;0;0;6;0,18;0;0;1;0,03;0;0;2;0,06;0;0;12;0,36;0;0;1;0,03;0;0;1;0,03;0;0;2;0,06;0;0;3;0,09;0;0;2;0,06;;;;;;;;;;;;;;;;
;Pesch;11;11;5857;3900;66,59;;3877;;23;3885;15;31,85;1308;33,74;1164;29,96;37,84;1577;40,68;1360;35,01;4,53;161;4,15;191;4,92;11,29;324;8,36;552;14,21;0,63;33;0,85;16;0,41;4,28;154;3,97;178;4,58;0,1;0;0;8;0,21;34;0,88;18;0,46;0;0;8;0,21;0;0;6;0,15;0;0;0;0;0;0;3;0,08;0;0;4;0,1;0;0;32;0,82;0;0;4;0,1;7,61;274;7,07;317;8,16;0;0;4;0,1;0;0;1;0,03;0;0;1;0,03;0;0;0;0;0;0;1;0,03;0;0;2;0,05;0;0;2;0,05;0;0;4;0,1;0;0;1;0,03;0;0;2;0,05;0;0;0;0;0;0;1;0,03;0;0;0;0;0;0;2;0,05;0;0;3;0,08;;;;;12;0,31;0;0;;;;;;;;
;Poll;14;14;8257;5414;65,57;;5354;;60;5362;52;33,19;1981;37;1576;29,39;31,67;1785;33,34;1609;30,01;9,9;470;8,78;591;11,02;8,97;347;6,48;614;11,45;1,11;65;1,21;54;1,01;6,35;325;6,07;356;6,64;0,05;0;0;5;0,09;0;0;70;1,31;0;0;35;0,65;0;0;14;0,26;0;0;2;0,04;22;0,41;9;0,17;0;0;6;0,11;0;0;40;0,75;0;0;3;0,06;5,81;304;5,68;319;5,95;0;0;2;0,04;0;0;8;0,15;0;0;2;0,04;0;0;2;0,04;0;0;3;0,06;0;0;0;0;0;0;7;0,13;0;0;7;0,13;0;0;3;0,06;0;0;11;0,21;0;0;0;0;0;0;3;0,06;0;0;4;0,07;0;0;4;0,07;0;0;3;0,06;;;;;;;;;55;1,03;0;0;;;;
;Porz;11;11;9506;5154;54,22;;5070;;84;5094;60;34,19;1892;37,32;1583;31,08;30,07;1641;32,37;1415;27,78;6,52;293;5,78;370;7,26;8,1;305;6,02;518;10,17;1,44;84;1,66;62;1,22;7,65;378;7,46;400;7,85;0,19;0;0;19;0,37;0;0;44;0,86;0;0;20;0,39;0;0;23;0,45;0;0;3;0,06;13;0,26;5;0,1;0;0;7;0,14;0;0;42;0,82;0;0;53;1,04;8,66;413;8,15;467;9,17;0;0;3;0,06;0;0;4;0,08;0;0;7;0,14;0;0;1;0,02;0;0;2;0,04;0;0;0;0;0;0;1;0,02;0;0;6;0,12;0;0;2;0,04;0;0;12;0,24;0;0;0;0;0;0;3;0,06;0;0;4;0,08;0;0;12;0,24;0;0;6;0,12;;;;;;;;;51;1,01;0;0;;;;
;Raderberg;4;4;4364;2695;61,76;;2673;;22;2678;17;31,06;871;32,59;791;29,54;24,91;738;27,61;595;22,22;12,04;291;10,89;353;13,18;10,43;223;8,34;335;12,51;1,35;40;1,5;32;1,19;9,66;245;9,17;272;10,16;0,13;0;0;7;0,26;120;4,49;49;1,83;0;0;19;0,71;0;0;9;0,34;0;0;1;0,04;0;0;5;0,19;0;0;1;0,04;0;0;20;0,75;0;0;2;0,07;5,51;140;5,24;155;5,79;0;0;2;0,07;0;0;2;0,07;0;0;2;0,07;5;0,19;2;0,07;0;0;0;0;0;0;0;0;0;0;1;0,04;0;0;4;0,15;0;0;5;0,19;0;0;5;0,19;0;0;0;0;0;0;1;0,04;0;0;1;0,04;0;0;2;0,07;0;0;5;0,19;;;;;;;;;;;;;;;;
;Raderthal;5;5;3573;2464;68,96;;2453;;11;2449;15;28,5;726;29,6;671;27,4;31,19;843;34,37;686;28,01;10,81;270;11,01;260;10,62;11,18;198;8,07;350;14,29;0,9;21;0,86;23;0,94;7,73;171;6,97;208;8,49;0,06;0;0;3;0,12;77;3,14;29;1,18;0;0;18;0,73;0;0;4;0,16;0;0;0;0;0;0;4;0,16;0;0;3;0,12;0;0;16;0,65;0;0;3;0,12;5,9;144;5,87;145;5,92;0;0;2;0,08;0;0;5;0,2;0;0;0;0;3;0,12;0;0;0;0;1;0,04;0;0;0;0;0;0;1;0,04;0;0;3;0,12;0;0;3;0,12;0;0;2;0,08;0;0;0;0;0;0;0;0;0;0;0;0;0;0;3;0,12;0;0;6;0,24;;;;;;;;;;;;;;;;
;Rath/Heumar;15;15;8951;6356;71,01;;6322;;34;6327;29;27,54;1925;30,45;1559;24,64;40,36;2787;44,08;2318;36,64;5,91;325;5,14;423;6,69;12,6;531;8,4;1063;16,8;1;64;1,01;63;1;3,98;241;3,81;263;4,16;0,08;0;0;10;0,16;0;0;46;0,73;0;0;27;0,43;0;0;19;0,3;0;0;0;0;52;0,82;21;0,33;0;0;7;0,11;0;0;50;0,79;0;0;3;0,05;6,05;359;5,68;406;6,42;0;0;3;0,05;0;0;5;0,08;0;0;6;0,09;0;0;2;0,03;0;0;2;0,03;0;0;1;0,02;0;0;9;0,14;0;0;1;0,02;0;0;5;0,08;0;0;3;0,05;0;0;0;0;0;0;1;0,02;0;0;0;0;0;0;4;0,06;0;0;7;0,11;;;;;;;;;38;0,6;0;0;;;;
;Riehl;14;14;8653;5722;66,13;;5677;;45;5677;45;32,48;1963;34,58;1725;30,39;27,75;1696;29,87;1455;25,63;11,05;596;10,5;659;11,61;12,14;559;9,85;819;14,43;1;68;1,2;46;0,81;7,85;417;7,35;474;8,35;0,05;0;0;6;0,11;111;1,96;68;1,2;0;0;15;0,26;0;0;10;0,18;0;0;1;0,02;0;0;19;0,33;0;0;5;0,09;0;0;26;0,46;0;0;12;0,21;4,81;256;4,51;290;5,11;0;0;6;0,11;0;0;10;0,18;0;0;2;0,04;0;0;2;0,04;0;0;0;0;0;0;0;0;0;0;0;0;0;0;6;0,11;0;0;5;0,09;0;0;4;0,07;0;0;1;0,02;0;0;2;0,04;0;0;0;0;0;0;2;0,04;0;0;7;0,12;;;;;11;0,19;0;0;;;;;;;;
;Rodenkirchen;19;19;12309;8979;72,95;;8928;;51;8927;52;21,37;1965;22,01;1851;20,73;43,31;4449;49,83;3284;36,79;8,75;731;8,19;832;9,32;15,99;937;10,5;1918;21,49;0,68;67;0,75;54;0,6;3,67;288;3,23;367;4,11;0,05;0;0;9;0,1;149;1,67;47;0,53;0;0;35;0,39;0;0;7;0,08;0;0;1;0,01;0;0;9;0,1;0;0;3;0,03;0;0;42;0,47;0;0;2;0,02;4,29;334;3,74;432;4,84;0;0;0;0;0;0;7;0,08;0;0;4;0,04;8;0,09;4;0,04;0;0;0;0;0;0;1;0,01;0;0;0;0;0;0;4;0,04;0;0;2;0,02;0;0;2;0,02;0;0;0;0;0;0;3;0,03;0;0;0;0;0;0;2;0,02;0;0;5;0,06;;;;;;;;;;;;;;;;
;Roggendorf/Thenhoven;3;3;2727;1461;53,58;;1445;;16;1443;18;27,87;416;28,79;389;26,96;34,35;537;37,16;455;31,53;5,71;77;5,33;88;6,1;12,67;160;11,07;206;14,28;1,39;26;1,8;14;0,97;4,78;69;4,78;69;4,78;0,14;0;0;4;0,28;15;1,04;8;0,55;0;0;3;0,21;0;0;10;0,69;0;0;0;0;0;0;1;0,07;0;0;2;0,14;0;0;14;0,97;0;0;4;0,28;10,39;139;9,62;161;11,16;0;0;0;0;0;0;5;0,35;0;0;1;0,07;0;0;0;0;0;0;1;0,07;0;0;1;0,07;0;0;1;0,07;0;0;0;0;0;0;3;0,21;0;0;0;0;0;0;1;0,07;0;0;0;0;0;0;0;0;0;0;0;0;0;0;2;0,14;;;;;6;0,42;0;0;;;;;;;;
;Rondorf;13;13;6863;4869;70,95;;4835;;34;4845;24;25,27;1250;25,85;1196;24,69;42,42;2307;47,71;1799;37,13;6,27;283;5,85;324;6,69;12,83;424;8,77;818;16,88;0,62;30;0,62;30;0,62;3,36;151;3,12;174;3,59;0,09;0;0;9;0,19;100;2,07;50;1,03;0;0;22;0,45;0;0;11;0,23;0;0;2;0,04;0;0;7;0,14;0;0;5;0,1;0;0;25;0,52;0;0;1;0,02;6,46;286;5,92;339;7;0;0;6;0,12;0;0;1;0,02;0;0;1;0,02;4;0,08;3;0,06;0;0;1;0,02;0;0;0;0;0;0;7;0,14;0;0;3;0,06;0;0;0;0;0;0;1;0,02;0;0;0;0;0;0;1;0,02;0;0;0;0;0;0;3;0,06;0;0;6;0,12;;;;;;;;;;;;;;;;
;Seeberg;7;7;5698;2687;47,16;;2630;;57;2632;55;31,32;872;33,16;776;29,48;32,9;906;34,45;825;31,34;4,87;113;4,3;143;5,43;8,74;210;7,98;250;9,5;1,43;41;1,56;34;1,29;6,8;177;6,73;181;6,88;0,23;0;0;12;0,46;38;1,44;22;0,84;0;0;6;0,23;0;0;36;1,37;0;0;1;0,04;0;0;2;0,08;0;0;4;0,15;0;0;17;0,65;0;0;18;0,68;10,38;253;9,62;293;11,13;0;0;3;0,11;0;0;1;0,04;0;0;1;0,04;0;0;0;0;0;0;0;0;0;0;0;0;0;0;1;0,04;0;0;0;0;0;0;1;0,04;0;0;3;0,11;0;0;1;0,04;0;0;0;0;0;0;0;0;0;0;1;0,04;0;0;0;0;;;;;20;0,76;0;0;;;;;;;;
;Stammheim;8;8;5501;3048;55,41;;3011;;37;3011;37;35,22;1142;37,93;979;32,51;29,81;920;30,55;875;29,06;5,51;150;4,98;182;6,04;9,38;246;8,17;319;10,59;1,56;61;2,03;33;1,1;5,88;171;5,68;183;6,08;0,13;0;0;8;0,27;37;1,23;36;1,2;0;0;13;0,43;0;0;15;0,5;0;0;0;0;0;0;6;0,2;0;0;3;0,1;0;0;26;0,86;0;0;11;0,37;9,61;275;9,13;304;10,1;0;0;0;0;0;0;3;0,1;0;0;2;0,07;4;0,13;1;0,03;0;0;0;0;0;0;1;0,03;0;0;2;0,07;0;0;0;0;0;0;1;0,03;0;0;1;0,03;0;0;0;0;0;0;2;0,07;0;0;1;0,03;0;0;3;0,1;0;0;1;0,03;;;;;;;;;;;;;5;0,17;0;0
;Sülz;46;46;28820;21951;76,17;;21831;;120;21845;106;29,74;7194;32,95;5797;26,54;26,43;6153;28,18;5389;24,67;15,96;3232;14,8;3737;17,11;11,39;1883;8,63;3093;14,16;1,03;227;1,04;223;1,02;9,83;2149;9,84;2146;9,82;0,03;0;0;12;0,05;383;1,75;261;1,19;0;0;66;0,3;0;0;4;0,02;0;0;7;0,03;0;0;65;0,3;0;0;16;0,07;0;0;110;0,5;0;0;3;0,01;3,02;610;2,79;708;3,24;0;0;8;0,04;0;0;38;0,17;0;0;7;0,03;0;0;6;0,03;0;0;7;0,03;0;0;0;0;0;0;4;0,02;0;0;23;0,11;0;0;17;0,08;0;0;22;0,1;0;0;1;0;0;0;9;0,04;0;0;3;0,01;0;0;17;0,08;0;0;46;0,21;;;;;;;;;;;;;;;;
;Sürth;12;12;7812;5727;73,31;;5684;;43;5687;40;25,08;1464;25,76;1388;24,41;37,25;2415;42,49;1821;32,02;11,1;629;11,07;633;11,13;14,51;577;10,15;1073;18,87;0,84;43;0,76;53;0,93;4,61;226;3,98;298;5,24;0,04;0;0;5;0,09;102;1,79;41;0,72;0;0;17;0,3;0;0;9;0,16;0;0;1;0,02;0;0;14;0,25;0;0;4;0,07;0;0;29;0,51;0;0;4;0,07;4,23;221;3,89;260;4,57;0;0;2;0,04;0;0;5;0,09;0;0;6;0,11;7;0,12;1;0,02;0;0;0;0;0;0;0;0;0;0;1;0,02;0;0;3;0,05;0;0;0;0;0;0;5;0,09;0;0;0;0;0;0;0;0;0;0;0;0;0;0;6;0,11;0;0;8;0,14;;;;;;;;;;;;;;;;
;Urbach;11;11;8477;4769;56,26;;4677;;92;4681;88;37,16;1841;39,36;1636;34,95;29,5;1503;32,14;1258;26,87;4,68;193;4,13;245;5,23;9,15;323;6,91;533;11,39;1,13;66;1,41;40;0,85;5,03;219;4,68;252;5,38;0,2;0;0;19;0,41;0;0;28;0,6;0;0;26;0,56;0;0;15;0,32;0;0;1;0,02;16;0,34;8;0,17;0;0;3;0,06;0;0;43;0,92;0;0;18;0,38;10,39;470;10,05;502;10,72;0;0;7;0,15;0;0;3;0,06;0;0;2;0,04;0;0;6;0,13;0;0;1;0,02;0;0;1;0,02;0;0;1;0,02;0;0;8;0,17;0;0;3;0,06;0;0;3;0,06;0;0;1;0,02;0;0;4;0,09;0;0;3;0,06;0;0;8;0,17;0;0;3;0,06;;;;;;;;;46;0,98;0;0;;;;
;Vingst;6;6;6564;2696;41,07;;2631;;65;2646;50;40,8;1159;44,05;994;37,57;20,24;559;21,25;509;19,24;5,8;136;5,17;170;6,42;6,35;155;5,89;180;6,8;1,02;33;1,25;21;0,79;8,22;209;7,94;225;8,5;0,25;0;0;13;0,49;59;2,24;31;1,17;0;0;10;0,38;0;0;60;2,27;0;0;0;0;0;0;3;0,11;0;0;2;0,08;0;0;27;1,02;0;0;28;1,06;12,55;321;12,2;341;12,89;0;0;0;0;0;0;2;0,08;0;0;4;0,15;0;0;3;0,11;0;0;1;0,04;0;0;2;0,08;0;0;1;0,04;0;0;0;0;0;0;3;0,11;0;0;3;0,11;0;0;2;0,08;0;0;5;0,19;0;0;0;0;0;0;5;0,19;0;0;1;0,04;;;;;;;;;;;;;;;;
;Vogelsang;8;8;5819;3708;63,72;;3666;;42;3668;40;33,69;1314;35,84;1157;31,54;28,33;1083;29,54;995;27,13;8,69;300;8,18;337;9,19;10,74;347;9,47;441;12,02;1,25;49;1,34;43;1,17;5,59;200;5,46;210;5,73;0,08;0;0;6;0,16;52;1,42;34;0,93;0;0;13;0,35;0;0;15;0,41;0;0;0;0;0;0;5;0,14;0;0;4;0,11;0;0;46;1,25;0;0;4;0,11;8,34;291;7,94;321;8,75;0;0;3;0,08;0;0;3;0,08;0;0;2;0,05;0;0;2;0,05;0;0;0;0;0;0;1;0,03;0;0;3;0,08;0;0;4;0,11;0;0;3;0,08;0;0;4;0,11;0;0;1;0,03;0;0;2;0,05;0;0;1;0,03;0;0;6;0,16;0;0;2;0,05;30;0,82;0;0;;;;;;;;;;;;
;Volkhoven/Weiler;4;4;3785;2023;53,45;;1994;;29;2000;23;30,65;648;32,5;576;28,8;31,77;699;35,06;570;28,5;5,43;87;4,36;130;6,5;8,41;128;6,42;208;10,4;1,05;23;1,15;19;0,95;8,39;165;8,27;170;8,5;0,1;0;0;4;0,2;18;0,9;11;0,55;0;0;4;0,2;0;0;19;0,95;0;0;0;0;0;0;4;0,2;0;0;3;0,15;0;0;12;0,6;0;0;9;0,45;11,24;209;10,48;240;12;0;0;4;0,2;0;0;0;0;0;0;3;0,15;0;0;0;0;0;0;1;0,05;0;0;0;0;0;0;3;0,15;0;0;0;0;0;0;2;0,1;0;0;0;0;0;0;0;0;0;0;1;0,05;0;0;0;0;0;0;6;0,3;0;0;1;0,05;;;;;17;0,85;0;0;;;;;;;;
;Wahn;7;7;4785;2996;62,61;;2973;;23;2969;27;32,58;1063;35,76;873;29,4;33,59;1068;35,92;928;31,26;5,39;141;4,74;179;6,03;9,41;205;6,9;354;11,92;1,28;38;1,28;38;1,28;4,9;142;4,78;149;5,02;0,13;0;0;8;0,27;0;0;28;0,94;0;0;11;0,37;0;0;13;0,44;0;0;2;0,07;13;0,44;12;0,4;0;0;3;0,1;0;0;27;0,91;0;0;6;0,2;9,88;278;9,35;309;10,41;0;0;0;0;0;0;5;0,17;0;0;2;0,07;0;0;0;0;0;0;0;0;0;0;2;0,07;0;0;0;0;0;0;2;0,07;0;0;1;0,03;0;0;4;0,13;0;0;1;0,03;0;0;3;0,1;0;0;0;0;0;0;6;0,2;0;0;3;0,1;;;;;;;;;25;0,84;0;0;;;;
;Wahnheide;8;8;5503;3231;58,71;;3194;;37;3196;35;33,72;1145;35,85;1010;31,6;31,83;1094;34,25;940;29,41;5,24;166;5,2;169;5,29;10,42;257;8,05;409;12,8;1,67;60;1,88;47;1,47;4,52;135;4,23;154;4,82;0,23;0;0;15;0,47;0;0;29;0,91;0;0;20;0,63;0;0;2;0,06;0;0;2;0,06;36;1,13;3;0,09;0;0;5;0,16;0;0;34;1,06;0;0;5;0,16;9,41;277;8,67;324;10,14;0;0;3;0,09;0;0;4;0,13;0;0;0;0;0;0;0;0;0;0;0;0;0;0;1;0,03;0;0;3;0,09;0;0;4;0,13;0;0;3;0,09;0;0;0;0;0;0;0;0;0;0;3;0,09;0;0;2;0,06;0;0;2;0,06;0;0;3;0,09;;;;;;;;;24;0,75;0;0;;;;
;Weiden;17;17;12395;8365;67,49;;8299;;66;8307;58;27,97;2501;30,14;2144;25,81;35,72;3220;38,8;2712;32,65;6,91;486;5,86;661;7,96;15,21;1001;12,06;1524;18,35;0,98;86;1,04;77;0,93;5,38;467;5,63;426;5,13;0,06;0;0;10;0,12;95;1,14;74;0,89;0;0;43;0,52;0;0;6;0,07;0;0;5;0,06;0;0;12;0,14;0;0;9;0,11;0;0;43;0,52;0;0;5;0,06;5,65;443;5,34;496;5,97;0;0;2;0,02;0;0;5;0,06;0;0;7;0,08;0;0;0;0;0;0;2;0,02;0;0;1;0,01;0;0;8;0,1;0;0;1;0,01;0;0;7;0,08;0;0;1;0,01;0;0;1;0,01;0;0;5;0,06;0;0;0;0;0;0;1;0,01;0;0;19;0,23;;;;;;;;;;;;;;;;
;Weidenpesch;12;12;9492;5826;61,38;;5758;;68;5778;48;32,85;2043;35,48;1746;30,22;27,94;1721;29,89;1502;26;9,06;474;8,23;571;9,88;9,53;443;7,69;656;11,35;1,15;81;1,41;52;0,9;7,9;414;7,19;497;8,6;0,1;0;0;12;0,21;140;2,43;86;1,49;0;0;20;0,35;0;0;22;0,38;0;0;0;0;0;0;17;0,29;0;0;3;0,05;0;0;52;0,9;0;0;24;0,42;7,7;427;7,42;461;7,98;0;0;1;0,02;0;0;2;0,03;0;0;4;0,07;0;0;2;0,03;0;0;3;0,05;0;0;2;0,03;0;0;5;0,09;0;0;7;0,12;0;0;7;0,12;0;0;5;0,09;0;0;1;0,02;0;0;4;0,07;0;0;0;0;0;0;6;0,1;0;0;8;0,14;;;;;15;0,26;0;0;;;;;;;;
;Weiß;8;8;4393;3303;75,19;;3286;;17;3293;10;25,28;874;26,6;789;23,96;40,19;1501;45,68;1143;34,71;9,36;273;8,31;343;10,42;13,77;307;9,34;599;18,19;0,61;26;0,79;14;0,43;4,53;130;3,96;168;5,1;0,03;0;0;2;0,06;57;1,73;23;0,7;0;0;7;0,21;0;0;3;0,09;0;0;1;0,03;0;0;4;0,12;0;0;2;0,06;0;0;18;0,55;0;0;0;0;4,13;115;3,5;157;4,77;0;0;0;0;0;0;4;0,12;0;0;2;0,06;3;0,09;3;0,09;0;0;2;0,06;0;0;0;0;0;0;0;0;0;0;1;0,03;0;0;2;0,06;0;0;1;0,03;0;0;2;0,06;0;0;0;0;0;0;1;0,03;0;0;1;0,03;0;0;1;0,03;;;;;;;;;;;;;;;;
;Westhoven;6;6;4095;2701;65,96;;2672;;29;2676;25;30,95;909;34,02;746;27,88;32,42;936;35,03;798;29,82;7,82;183;6,85;235;8,78;12;244;9,13;398;14,87;0,99;32;1,2;21;0,78;5,96;153;5,73;166;6,2;0,09;0;0;5;0,19;0;0;24;0,9;0;0;12;0,45;0;0;2;0,07;0;0;1;0,04;18;0,67;5;0,19;0;0;6;0,22;0;0;20;0,75;0;0;7;0,26;6,9;164;6,14;205;7,66;0;0;3;0,11;0;0;0;0;0;0;2;0,07;0;0;2;0,07;0;0;1;0,04;0;0;2;0,07;0;0;1;0,04;0;0;1;0,04;0;0;0;0;0;0;4;0,15;0;0;0;0;0;0;3;0,11;0;0;2;0,07;0;0;4;0,15;0;0;0;0;;;;;;;;;33;1,24;0;0;;;;
;Widdersdorf;8;8;7716;5603;72,62;;5572;;31;5585;18;25,02;1531;27,48;1261;22,58;41,98;2548;45,73;2136;38,25;6,88;336;6,03;432;7,74;15,29;612;10,98;1094;19,59;0,56;35;0,63;28;0,5;4,17;235;4,22;230;4,12;0,03;0;0;3;0,05;46;0,83;19;0,34;0;0;12;0,21;0;0;15;0,27;0;0;1;0,02;0;0;10;0,18;0;0;7;0,13;0;0;32;0,57;0;0;12;0,21;4,39;229;4,11;261;4,67;0;0;5;0,09;0;0;1;0,02;0;0;0;0;0;0;1;0,02;0;0;2;0,04;0;0;0;0;0;0;4;0,07;0;0;2;0,04;0;0;7;0,13;0;0;2;0,04;0;0;0;0;0;0;2;0,04;0;0;1;0,02;0;0;1;0,02;0;0;4;0,07;;;;;;;;;;;;;;;;
;Worringen;9;9;7060;4169;59,05;;4126;;43;4122;47;35,22;1504;36,45;1401;33,99;32,66;1452;35,19;1242;30,13;5,1;191;4,63;230;5,58;10,92;386;9,36;515;12,49;1,48;67;1,62;55;1,33;3,98;169;4,1;159;3,86;0,23;0;0;19;0,46;44;1,07;37;0,9;0;0;16;0,39;0;0;6;0,15;0;0;1;0,02;0;0;3;0,07;0;0;2;0,05;0;0;40;0,97;0;0;5;0,12;8,04;307;7,44;356;8,64;0;0;2;0,05;0;0;4;0,1;0;0;3;0,07;0;0;0;0;0;0;3;0,07;0;0;1;0,02;0;0;3;0,07;0;0;7;0,17;0;0;2;0,05;0;0;0;0;0;0;0;0;0;0;3;0,07;0;0;0;0;0;0;3;0,07;0;0;4;0,1;;;;;6;0,15;0;0;;;;;;;;
;Zollstock;24;24;16667;10790;64,74;;10698;;92;10706;84;33,11;3753;35,08;3333;31,13;24,99;2909;27,19;2439;22,78;12,03;1229;11,49;1345;12,56;9,46;806;7,53;1219;11,39;1,39;146;1,36;152;1,42;8,83;835;7,81;1055;9,85;0,05;0;0;11;0,1;427;3,99;194;1,81;0;0;51;0,48;0;0;19;0,18;0;0;5;0,05;0;0;24;0,22;0;0;9;0,08;0;0;81;0,76;0;0;7;0,07;5,75;577;5,39;654;6,11;0;0;2;0,02;0;0;16;0,15;0;0;6;0,06;16;0,15;7;0,07;0;0;1;0,01;0;0;4;0,04;0;0;3;0,03;0;0;11;0,1;0;0;13;0,12;0;0;11;0,1;0;0;1;0,01;0;0;7;0,07;0;0;2;0,02;0;0;9;0,08;0;0;15;0,14;;;;;;;;;;;;;;;;
;Zündorf;15;15;8828;6167;69,86;;6110;;57;6100;67;31,38;2067;33,83;1764;28,92;36,84;2413;39,49;2085;34,18;5,96;307;5,02;421;6,9;10,92;442;7,23;891;14,61;0,61;39;0,64;36;0,59;4,04;228;3,73;265;4,34;0,14;0;0;17;0,28;0;0;43;0,7;0;0;22;0,36;0;0;2;0,03;0;0;2;0,03;13;0,21;15;0,25;0;0;2;0,03;0;0;43;0,7;0;0;11;0,18;6,59;367;6,01;438;7,18;0;0;4;0,07;0;0;2;0,03;0;0;3;0,05;0;0;2;0,03;0;0;1;0,02;0;0;1;0,02;0;0;2;0,03;0;0;3;0,05;0;0;4;0,07;0;0;8;0,13;0;0;1;0,02;0;0;3;0,05;0;0;2;0,03;0;0;3;0,05;0;0;4;0,07;;;;;;;;;234;3,83;0;0;;;;
