Bezirk Nr.;Stadtteil Nr.;Stadtteil Name;Fläche in Quadratkilometer;Erholungsflächenanteil in %;Einwohner je Quadratkilometer;Einwohner;Einwohner mit Hauptwohnung;Anteil Einwohner mit Hauptwohnung;Einwohner mit Nebenwohnung;Einwohner 1990;Einwohner 1995;Einwohner 1995 gegenüber 1990 in %;Einwohner 2000;Einwohner 2000 gegenüber 1990 in %;Einwohner 2005;Einwohner 2005 gegenüber 1990 in %;Einwohner 2010;Einwohner 2010 gegenüber 1990 in %;Einwohner Prognose 2025;Einwohnerprognose 2025 gegenüber 1990 in %;Einwohner weiblich;Einwohneranteil weiblich;Frauen ab 18 Jahre;Frauen ab 18 Jahre je 100 Einwohner;Ausländerinnen;Ausländerinnen je 100 Einwohner;Alleinerziehende Frauen;Alleinerziehende Frauen je 100 Einwohner;Weibliche Singles;Weibliche Singles je 100 Einwohner;Weibliche Singles ab 40 Jahre;Weibliche Singles ab 40 Jahre je 100 Einwohner;Alter: 0 bis 2 Jahre;Alter: 0 bis 2 Jahre - je 100 Einwohner;Alter: 3 bis 5 Jahre;Alter: 3 bis 5 Jahre - je 100 Einwohner;Alter: 6 bis 14 Jahre;Alter: 6 bis 14 Jahre - je 100 Einwohner;Alter: 15 bis 17 Jahre;Alter: 15 bis 17 Jahre - je 100 Einwohner;Alter: 18 bis 20 Jahre;Alter: 18 bis 20 Jahre - je 100 Einwohner;Alter: 21 bis 34 Jahre;Alter: 21 bis 34 Jahre - je 100 Einwohner;Alter: 35 bis 59 Jahre;Alter: 35 bis 59 Jahre - je 100 Einwohner;Alter: 60 bis 64 Jahre;Alter: 60 bis 64 Jahre - je 100 Einwohner;Alter: 65 bis 74 Jahre;Alter: 65 bis 74 Jahre - je 100 Einwohner;Alter: 75 bis 79 Jahre;Alter: 75 bis 79 Jahre - je 100 Einwohner;Alter: 80 und älter;Alter: 80 und älter - je 100 Einwohner;Durchschnittsalter;Durchschnittsalter Männer;Durchschnittsalter Frauen;Durchschnittsalter Deutsche;Durchschnittsalter Ausländer/-innen;Religion: Evangelisch;Religion: Evangelisch - je 100 Einwohner;Religion: Katholisch;Religion: Katholisch - je 100 Einwohner;Religion: Sonstige/ohne Angabe;Religion: Sonstige/ohne Angabe - je 100 Einwohner;Geschiedene;Geschiedene je 100 Einwohner;Ledige;Ledige je 100 Einwohner;Verheiratete;Verheiratete je 100 Einwohner;Verwitwete;Verwitwete je 100 Einwohner;Sonstige (verpartnert, aufgehobene oder verwitwete Lebensgemeinschaft);Sonstige (verpartnert, aufgehobene oder verwitwete Lebensgemeinschaft) je 100 Einwohner;Einwohner mit Migrationshintergrund;Anteil Einwohner mit Migrationshintergrund an allen Einwohnern in %;Einwohner mit Migrationshintergrund unter 18 Jahre;Anteil Einwohner mit Migrationshintergrund unter 18 Jahre an allen Einwohnern unter 18 Jahre in %;Einwohner mit Migrationshintergrund: türkisch;Einwohner mit Migrationshintergrund: Aussliedler/-innen;Einwohner mit Migrationshintergrund: Eingebürgerte;Einwohner mit Migrationshintergrund: Ausländer/-innen;Anteil der Ausländer/-innen an allen Einwohnern in %;Ausländer/-innen unter 18 Jahre;Anteil Ausländer/-innen unter 18 Jahre an allen Einwohnern unter 18 Jahre in %;Ausländer/-innen nach Herkunft: Afrika;Ausländer/-innen nach Herkunft: Afrika - je 100 Einwohner;Ausländer/-innen nach Herkunft: Asien;Ausländer/-innen nach Herkunft: Asien - je 100 Einwohner;Ausländer/-innen nach Herkunft: EU;Ausländer/-innen nach Herkunft: EU - je 100 Einwohner;Ausländer/-innen nach Herkunft: EU: Griechenland;Ausländer/-innen nach Herkunft: EU: Griechenland - je 100 Einwohner;Ausländer/-innen nach Herkunft: EU: Italien;Ausländer/-innen nach Herkunft: EU: Italien - je 100 Einwohner;Ausländer/-innen nach Herkunft: EU: Polen;Ausländer/-innen nach Herkunft: EU: Polen - je 100 Einwohner;Ausländer/-innen nach Herkunft: EU: Portugal;Ausländer/-innen nach Herkunft: EU: Portugal - je 100 Einwohner;Ausländer/-innen nach Herkunft: übriges Europa insgesamt;Ausländer/-innen nach Herkunft: übriges Europa insgesamt - je 100 Einwohner;Ausländer/-innen nach Herkunft: Türkei;Ausländer/-innen nach Herkunft: Türkei - je 100 Einwohner;Ausländer/-innen nach Herkunft: Amerika, Australien, Sonstige;Ausländer/-innen nach Herkunft: Amerika, Australien, Sonstige - je 100 Einwohner;Aussenwanderung: Zuzüge nach Köln;Aussenwanderung: Zuzüge je 100 Einwohner nach Köln;Aussenwanderung: Fortzüge aus Köln;Aussenwanderung: Fortzüge aus Köln je 100 Einwohner;Aussenwanderung: Saldo;Aussenwanderung: Saldo je 100 Einwohner;Binnenwanderung: Zuzüge innerhalb Kölns;Binnenwanderung: Zuzüge innerhalb Kölns je 100 Einwohner;Binnenwanderung: Fortzüge innerhalb Kölns;Binnenwanderung: Fortzüge innerhalb Kölns je 100 Einwohner;Binnenwanderung: Saldo;Binnenwanderung: Saldo je 100 Einwohner;Binnenwanderung: Umzüge innerhalb des Gebietes;Binnenwanderung: Umzüge je 100 Einwohner innerhalb des Gebietes;Summe der Zu-, Fort-, Umzüge je 1000 Einwohner;Summe der Zu-, Fort-, Umzüge je 100 Einwohner je 1000 Einwohner;Durchschnittliche Wohnjahre in der Wohnung;Geburten;Geburtenrate (Geburten je 1000 Einwohner);Fertilitätsrate (Durchschnittliche Zahl der Kinder, die eine Frau vom 15.  bis zum 49. Lebensjahr lebend zur Welt bringt);Durchschnittsalter der Mutter bei der ersten Geburt;Sterbefälle;Sterberate (Sterbefälle je 1000 Einwohner);Haushalte insgesamt;Einpersonen-Haushalte;Einpersonen-Haushalte je 100 Haushalte;2-Personen-Haushalte;2-Personen-Haushalte je 100 Haushalte;3-Personen-Haushalte;3-Personen-Haushalte je 100 Haushalte;4-Personen-Haushalte;4-Personen-Haushalte je 100 Haushalte;5-Personen-Haushalte und größer;5-Personen-Haushalte und größer je 100 Haushalte;Personen je Haushalt;Haushalte mit Kind(ern);Haushalte mit Kind(ern) je 100 Haushalte;Haushalte mit einem Kind;Haushalte mit einem Kind je 100 Haushalte;Haushalte mit zwei und mehr Kindern;Haushalte mit zwei und mehr Kindern je 100 Haushalte;Alleinerziehende;Alleinerziehende je 100 Haushalte;Leistungsberechtigte nach SGBII insgesamt;SGBII-Quote (Anteil der Leistungsberechtigten an allen unter 65 Jährigen Einwohnern mit Hauptwohnung in %);Erwerbsfähige Leistungsberechtigte;Nichterwerbsfähige Leistungsberechtigte;SGB-II-Quote der unter 15-Jährigen (Anteil der Leistungsberechtigten an allen unter 15-jährigen Einwohnern mit Hauptwohnung in %);SGB-II-Bedarfsgemeinschaften;SGB-II-Bedarfsgemeinschaften-Quote (Anteil Bedarfsgemeinschaften an allen Privathaushalten in %);SGB-II-Bedarfsgemeinschaften mit Kindern;Anteil SGB-II-Bedarfsgemeinschaften mit Kindern an allen Haushalten mit Kindern in %;SGB-II-Bedarfsgemeinschaften: Alleinerziehende;Anteil Alleinerziehende Hilfebedürftige an allen Alleinerziehenden in %;Wohngebäude;Haushalte je Wohngebäude;Anteil Ein-/Zweifamilienhäuser an allen Wohngebäuden in %;Wohnungen;Haushalte je Wohnung;Anteil geförderte Mietwohnungen in % (1 . Förderweg und Typ A);Wohnfläche je Wohnung in qm;Wohnfläche je Einwohner in qm;Genehmigte Wohnungen;Genehmigte Wohnungen je 1000 vorhandene Wohnungen;Fertig gestellte Wohnungen;Fertig gestellte Wohnungen je 1000 vorhandene Wohnungen;Zugelassene Kraftfahrzeuge;Zugelassene KfZ: LKW und Omnibusse;Zugelassene KfZ: Krafträder;Zugelassene KfZ: PKW;Zugelassene KfZ: PKW privat;PKW je 1000 Einwohner;PKW je 1000 Einwohner ab 18 Jahre;Privat-PKW je 1000 Einwohner ab 18 Jahre;Sozialversicherungspflichtig Beschäftigte am Wohnort;Quote (Anteil Sozialversicherungspflichtig Beschäftigte am Wohnort an allen 15 bis unter 65 Jährigen Einwohnern mit Hauptwohnung in %);Arbeitslose;Arbeitslosenquote (%);Arbeitslosenquote der unter 25-Jährigen;Schüler/-innen an allgemeinbildenden Schulen (einschl. 2 Gemeinschaftsschulen und 2 Freie Waldorfschulen, ohne 2. Bildungsweg );Schüler/-innen an Grundschule;Schüler/-innen an Hauptschule;Schüler/-innen an Realschule;Schüler/-innen an Gymnasium;Schüler/-innen an Gesamtschule;Schüler/-innen an Förderschule;Mietspiegel;Wahlbeteiligung
1;101;Altstadt-Süd;2.36;4;11645;27494;26469;96.27;1025;29544;29683;100.5;28544;96.6;27732;93.9;27182;92.0;27300;92.4;13728;49.9;12699;46.19;2359;8.6;407;1.48;6206;22.6;2786;10.1;517;1.88;351;1.28;924;3.36;372;1.35;675;2.46;9081;33.0;9773;35.5;1265;4.60;2469;8.98;927;3.37;1140;4.15;42.2;41.6;42.8;42.4;41.3;4533;16.5;10253;37.3;12708;46.2;2244;8.16;16523;60.1;7042;25.6;1387;5.04;298;1084;8281;30.1;1046;48.3;1588;813;2175;5029;18.3;342;15.8;265;0.96;536;1.95;2208;8.03;188;0.68;628;2.28;157;0.57;198;0.72;1706;6.20;1134;4.12;314;1.14;2620;9.53;1948;7.09;672;2.44;1854;6.74;2158;7.85;-304;-1.11;464;1.69;329;;10.2;225;8.2;0.9;32.2;294;10.7;18195;12693;69.8;3750;20.6;976;5.36;550;3.02;226;1.24;1.46;1420;7.80;902;4.96;518;2.85;446;2.45;2018;9.2;1688;330;17.3;1450;8;242;17;146;32.7;2333;7.80;14.4;17620;1033;5.7;57.6;36.9;30;1.70;29;1.65;11488;462;745;10170;7135;370;402;282;10317;51.9;1025;6.9;5.6;5097;231;421;723;3341;;381;11.06;56.5
1;102;Neustadt-Süd;2.82;16;13564;38296;36921;96.41;1375;39429;40736;103.3;39256;99.6;37977;96.3;37939;96.2;37700;95.6;19095;49.9;17248;45.04;2802;7.3;614;1.60;8128;21.2;3013;7.9;997;2.60;697;1.82;1565;4.09;479;1.25;924;2.41;14109;36.8;13980;36.5;1459;3.81;2390;6.24;794;2.07;902;2.36;38.7;38.8;38.6;38.5;39.7;7136;18.6;13273;34.7;17887;46.7;2573;6.72;24680;64.4;9539;24.9;1168;3.05;336;877;10221;26.7;1315;35.2;1509;955;3029;5954;15.5;364;9.7;195;0.51;693;1.81;2884;7.53;268;0.70;821;2.14;194;0.51;170;0.44;1655;4.32;1070;2.79;527;1.38;3624;9.46;2619;6.84;1005;2.62;2411;6.30;3223;8.42;-812;-2.12;911;2.38;334;;9.3;437;11.4;1.09;32.3;250;6.5;24986;16865;67.5;5222;20.9;1656;6.63;936;3.75;307;1.23;1.51;2534;10.14;1611;6.45;923;3.69;684;2.74;2115;6.4;1805;310;9.1;1565;6.3;238;9.4;150;21.9;2338;10.69;7;24370;1025;1.8;60.4;38.5;11;0.45;18;0.74;13984;451;1143;12214;10239;319;353;296;14629;50.2;1266;5.8;3.6;1346;1074;;;;;;11.06;61.3
1;103;Altstadt-Nord;2.46;2.9;7336;18016;17192;95.43;824;19940;19742;99.0;18733;93.9;18514;92.8;18025;90.4;18900;94.8;8638;47.9;8038;44.62;1872;10.4;186;1.03;3883;21.6;1721;9.6;351;1.95;220;1.22;465;2.58;196;1.09;397;2.20;6072;33.7;6681;37.1;754;4.19;1445;8.02;512;2.84;923;5.12;42.4;41.4;43.5;43.2;39.7;2740;15.2;6476;35.9;8800;48.8;1443;8.01;10789;59.9;4649;25.8;917;5.09;218;1210;6129;34;621;50.4;829;563;1411;4018;22.3;215;17.5;132;0.73;676;3.75;1747;9.70;138;0.77;411;2.28;148;0.82;128;0.71;1124;6.24;620;3.44;339;1.88;2090;11.60;1584;8.79;506;2.81;1208;6.71;1669;9.26;-461;-2.56;275;1.53;379;;8.9;169;9.4;1.03;31.4;218;12.1;12271;8822;71.9;2375;19.4;653;5.32;318;2.59;103;0.84;1.41;843;6.87;553;4.51;290;2.36;210;1.71;970;6.8;837;133;11.3;742;6;97;11.5;57;27.1;1860;6.60;25.1;11914;1030;1.9;59.4;39.3;90;7.55;5;0.42;10867;345;513;9811;5009;545;585;298;6802;51.3;552;5.5;3.7;2882;131;75;730;1946;;;11.57;58.3
1;104;Neustadt-Nord;3.49;23.1;8215;28665;27563;96.16;1102;31525;31378;99.5;30072;95.4;29139;92.4;28512;90.4;28500;90.4;14148;49.4;12795;44.64;2144;7.5;375;1.31;5936;20.7;2845;9.9;780;2.72;517;1.80;1140;3.98;335;1.17;504;1.76;8632;30.1;11653;40.7;1278;4.46;2306;8.04;683;2.38;837;2.92;41.1;40.9;41.2;40.9;41.9;5038;17.6;9631;33.6;13996;48.8;2085;7.27;16886;58.9;8360;29.2;1032;3.60;302;1054;7860;27.4;993;35.8;1226;759;2371;4541;15.8;269;9.7;136;0.47;465;1.62;2190;7.64;248;0.87;545;1.90;147;0.51;173;0.60;1398;4.88;881;3.07;352;1.23;2266;7.91;1830;6.38;436;1.52;1713;5.98;2167;7.56;-454;-1.58;528;1.84;297;;10.2;349;12.2;1.17;33.3;162;5.7;18624;12342;66.3;3968;21.3;1353;7.26;726;3.90;235;1.26;1.53;1887;10.13;1161;6.23;726;3.90;414;2.22;1298;5.5;1133;165;6.5;980;5.3;122;6.5;63;15.2;1816;10.26;9.7;19049;978;1.4;63.7;42.3;10;0.52;16;0.84;14772;726;950;12607;9034;440;487;349;11064;52;759;4.8;3.7;3328;1065;;;1760;395;108;11.57;62.6
1;105;Deutz;5.24;14.3;2928;15340;14919;97.26;421;16845;17098;101.5;16849;100.0;16134;95.8;15195;90.2;16000;95.0;7758;50.6;6953;45.33;1065;6.9;277;1.81;2640;17.2;1410;9.2;358;2.33;305;1.99;710;4.63;288;1.88;399;2.60;4478;29.2;5515;36.0;717;4.67;1353;8.82;547;3.57;670;4.37;41.9;40.7;43;42.3;39.1;2740;17.9;6114;39.9;6486;42.3;1191;7.76;8264;53.9;4916;32.0;849;5.53;120;782;4292;28;682;41.1;737;561;1358;2208;14.4;156;9.4;115;0.75;284;1.85;937;6.11;84;0.55;161;1.05;112;0.73;127;0.83;757;4.93;458;2.99;115;0.75;1315;8.57;1030;6.71;285;1.86;801;5.22;980;6.39;-179;-1.17;282;1.84;287;;11.4;161;10.5;1.12;32.6;149;9.7;8781;5197;59.2;2257;25.7;739;8.42;433;4.93;155;1.77;1.65;1095;12.47;660;7.52;435;4.95;301;3.43;1158;9.4;912;246;16.7;760;8.7;168;15.3;102;33.9;1211;7.25;18.2;8993;976;1.6;65.1;38.2;3;0.33;8;0.89;7481;647;496;6176;4478;403;451;327;6036;56;549;6.8;3.9;2654;328;;609;1490;;227;11.96;60
2;201;Bayenthal;1.28;3;6943;8909;8704;97.70;205;7306;7475;102.3;7399;101.3;8161;111.7;8747;119.7;9400;128.7;4622;51.9;3935;44.17;677;7.6;168;1.89;1384;15.5;849;9.5;279;3.13;268;3.01;655;7.35;159;1.78;208;2.33;1855;20.8;3508;39.4;466;5.23;869;9.75;258;2.90;384;4.31;41.7;40.7;42.7;42.1;39.4;1649;18.5;3087;34.7;4173;46.8;706;7.92;4297;48.2;3366;37.8;470;5.28;70;786;2635;29.6;542;39.8;347;313;845;1355;15.2;147;10.8;44;0.49;160;1.80;675;7.58;41;0.46;177;1.99;95;1.07;47;0.53;376;4.22;222;2.49;100;1.12;706;7.92;512;5.75;194;2.18;531;5.96;580;6.51;-49;-0.55;162;1.82;280;;9.4;99;11.1;1.35;33.5;75;8.4;4968;2668;53.7;1310;26.4;527;10.61;333;6.70;130;2.62;1.79;858;17.27;476;9.58;382;7.69;187;3.76;517;7.2;417;100;8;321;6.5;72;8.4;38;20.3;810;6.13;38.9;4573;1086;4.7;76.2;39.1;44;9.62;76;16.62;4632;172;260;4170;3155;468;552;418;3060;52.1;260;5.9;4.2;1500;429;;;1071;;;11.03;61.4
2;202;Marienburg;3.05;24.3;1844;5620;5465;97.24;155;5703;5675;99.5;5832;102.3;5751;100.8;5530;97.0;6100;107.0;2912;51.8;2448;43.56;436;7.8;97;1.73;735;13.1;546;9.7;160;2.85;137;2.44;461;8.20;162;2.88;163;2.90;896;15.9;2076;36.9;391;6.96;730;12.99;194;3.45;250;4.45;44;43.4;44.5;44.6;39.9;1074;19.1;2080;37.0;2466;43.9;486;8.65;2352;41.9;2471;44.0;289;5.14;22;391;1671;29.7;377;41;213;204;590;787;14;89;9.7;32;0.57;111;1.98;327;5.82;25;0.44;76;1.35;51;0.91;14;0.25;268;4.77;142;2.53;49;0.87;374;6.65;313;5.57;61;1.09;281;5.00;292;5.20;-11;-0.20;78;1.39;238;;11.1;61;10.9;1.8;31.7;34;6;2905;1388;47.8;845;29.1;325;11.19;222;7.64;125;4.30;1.93;543;18.69;263;9.05;280;9.64;106;3.65;391;9.1;284;107;13.4;191;6.6;68;12.5;27;25.5;808;3.60;58.7;2975;976;3.2;104.2;55.2;98;32.94;41;13.78;3790;67;190;3495;2805;622;744;597;1402;40.5;167;6.4;2.9;;;;;;;;10.86;64.5
2;203;Raderberg;0.84;2.6;6747;5646;5524;97.84;122;4843;4905;101.3;4982;102.9;5537;114.3;5641;116.5;5900;121.8;2911;51.6;2467;43.69;485;8.6;155;2.75;831;14.7;504;8.9;156;2.76;152;2.69;445;7.88;130;2.30;141;2.50;1308;23.2;2119;37.5;268;4.75;461;8.17;190;3.37;276;4.89;41.5;40.3;42.5;42;38.8;848;15.0;2057;36.4;2741;48.5;510;9.03;2776;49.2;1977;35.0;368;6.52;15;266;1856;32.9;458;51.9;531;179;544;984;17.4;128;14.5;54;0.96;73;1.29;359;6.36;37;0.66;144;2.55;49;0.87;30;0.53;481;8.52;340;6.02;17;0.30;306;5.42;280;4.96;26;0.46;324;5.74;375;6.64;-51;-0.90;59;1.04;238;;10;62;11;1.42;31;47;8.3;3078;1699;55.2;766;24.9;318;10.33;195;6.34;100;3.25;1.79;542;17.61;310;10.07;232;7.54;171;5.56;785;17.1;547;238;30.1;385;12.5;157;29;79;46.2;424;7.26;23.6;2987;1030;9.1;63.8;33.8;62;20.76;5;1.67;2690;407;179;2075;1804;368;436;379;1930;50.8;301;10.6;5.4;189;189;;;;;;9.62;49.7
2;204;Raderthal;3.21;35.3;1491;4779;4683;97.99;96;4582;4505;98.3;4476;97.7;4460;97.3;4806;104.9;4900;106.9;2463;51.5;2098;43.90;250;5.2;87;1.82;615;12.9;417;8.7;84;1.76;131;2.74;379;7.93;145;3.03;143;2.99;731;15.3;1790;37.5;295;6.17;605;12.66;214;4.48;262;5.48;45;44.5;45.5;45.6;39.4;936;19.6;1890;39.5;1953;40.9;379;7.93;1941;40.6;2157;45.1;288;6.03;14;293;1020;21.3;211;28.6;152;181;333;465;9.7;65;8.8;26;0.54;57;1.19;185;3.87;18;0.38;39;0.82;14;0.29;27;0.56;179;3.75;101;2.11;18;0.38;206;4.31;222;4.65;-16;-0.33;250;5.23;241;5.04;9;0.19;40;0.84;201;;13;26;5.4;0.99;25.6;38;8;2476;1135;45.8;786;31.7;303;12.24;188;7.59;64;2.58;1.9;461;18.62;255;10.30;206;8.32;100;4.04;308;8.5;239;69;11.5;184;7.4;45;9.8;21;21;756;3.28;67.7;2416;1025;3.8;77.5;39.2;0;0.00;13;5.38;2346;67;191;2055;1956;430;509;484;1410;47.1;161;7.2;2.8;1148;;;;;1148;;8.13;60.9
2;205;Zollstock;5.03;23;4245;21364;20869;97.68;495;20220;20096;99.4;20121;99.5;20639;102.1;21047;104.1;22000;108.8;11196;52.4;9950;46.57;1499;7.0;435;2.04;3587;16.8;2183;10.2;512;2.40;469;2.20;1250;5.85;389;1.82;596;2.79;5474;25.6;7376;34.5;1067;4.99;2267;10.61;816;3.82;1148;5.37;43;41.4;44.4;43.5;39.4;3519;16.5;8432;39.5;9413;44.1;1872;8.76;10401;48.7;7574;35.5;1424;6.67;93;435;6009;28.1;1184;45.2;1275;703;2021;2950;13.8;261;10;180;0.84;325;1.52;1075;5.03;94;0.44;290;1.36;143;0.67;56;0.26;1235;5.78;844;3.95;135;0.63;1278;5.98;1044;4.89;234;1.10;1167;5.46;1045;4.89;122;0.57;528;2.47;237;;11.4;182;8.5;1.06;31.2;227;10.6;12118;6776;55.9;3296;27.2;1140;9.41;664;5.48;242;2.00;1.71;1714;14.14;1010;8.33;704;5.81;475;3.92;1844;11.1;1418;426;18.4;1134;9.4;307;17.9;167;35.2;1516;7.99;25.5;12447;974;3.5;61.8;36;124;9.96;147;11.81;9224;442;716;7979;6755;373;426;360;7416;52.2;861;8.1;4;682;499;;;;;183;9.96;55.1
2;206;Rondorf;8.15;10.5;1171;9540;9441;98.96;99;7290;8866;121.6;9458;129.7;9658;132.5;9526;130.7;11200;153.6;4927;51.6;4114;43.12;523;5.5;183;1.92;840;8.8;673;7.1;212;2.22;266;2.79;837;8.77;359;3.76;394;4.13;1247;13.1;3788;39.7;623;6.53;1024;10.73;414;4.34;376;3.94;43.6;42.5;44.7;44.2;38.8;1927;20.2;4292;45.0;3321;34.8;594;6.23;3641;38.2;4717;49.4;566;5.93;22;231;2223;23.3;517;30.9;316;366;761;991;10.4;159;9.5;32;0.34;120;1.26;488;5.12;85;0.89;125;1.31;58;0.61;15;0.16;300;3.14;169;1.77;51;0.53;292;3.06;354;3.71;-62;-0.65;375;3.93;297;3.11;78;0.82;143;1.50;153;;14.2;58;6.1;1.26;31.7;76;8;4308;1456;33.8;1423;33.0;711;16.50;549;12.74;169;3.92;2.21;1060;24.61;565;13.12;495;11.49;201;4.67;447;5.9;323;124;9.2;228;5.3;85;8;48;23.9;2363;1.82;87.1;4304;1001;6.2;92.8;41.9;20;4.65;12;2.79;5812;498;465;4772;4626;500;607;588;3035;48.5;207;4.4;3.2;310;310;;;;;;8.41;61.3
2;207;Hahnwald;2.99;3.8;692;2073;2043;98.55;30;1465;1873;127.8;2188;149.4;2114;144.3;2079;141.9;1900;129.7;1041;50.2;837;40.38;122;5.9;21;1.01;147;7.1;109;5.3;55;2.65;74;3.57;234;11.29;68;3.28;60;2.89;212;10.2;822;39.7;138;6.66;259;12.49;74;3.57;77;3.71;43.3;43.2;43.4;44.1;37.4;415;20.0;801;38.6;857;41.3;104;5.02;766;37.0;1120;54.0;82;3.96;1;48;414;20;86;20;9;44;130;234;11.3;36;8.4;3;0.14;39;1.88;128;6.17;5;0.24;13;0.63;17;0.82;14;0.68;38;1.83;4;0.19;26;1.25;135;6.51;132;6.37;3;0.14;76;3.67;92;4.44;-16;-0.77;19;0.92;219;;12.4;16;7.7;2.55;35.7;12;5.8;897;286;31.9;295;32.9;133;14.83;131;14.60;52;5.80;2.31;252;28.09;120;13.38;132;14.72;25;2.79;8;0.5;8;0;0;7;0.8;0;0;0;0;634;1.41;97.9;901;996;0;181.3;78.8;5;5.55;13;14.43;2999;410;105;2438;1400;1176;1485;853;371;28.9;8;0.8;0;;;;;;;;;72.4
2;208;Rodenkirchen;7.86;17.8;2027;15937;15586;97.80;351;15892;16132;101.5;16273;102.4;16194;101.9;15698;98.8;18200;114.5;8692;54.5;7758;48.68;1020;6.4;245;1.54;2355;14.8;1866;11.7;366;2.30;326;2.05;933;5.85;351;2.20;357;2.24;2503;15.7;5648;35.4;950;5.96;2252;14.13;824;5.17;1427;8.95;48.2;45.9;50;49.4;38.7;3333;20.9;6718;42.2;5886;36.9;1400;8.78;6359;39.9;6623;41.6;1514;9.50;41;257;3443;21.6;484;24.5;258;551;978;1821;11.4;108;5.5;136;0.85;276;1.73;931;5.84;69;0.43;162;1.02;160;1.00;22;0.14;346;2.17;153;0.96;132;0.83;926;5.81;770;4.83;156;0.98;812;5.10;588;3.69;224;1.41;340;2.13;216;;13.1;109;6.8;1.13;32.8;285;17.9;7978;3945;49.4;2412;30.2;874;10.96;562;7.04;185;2.32;1.83;1244;15.59;681;8.54;563;7.06;266;3.33;474;4.3;386;88;5.2;309;3.9;70;5.6;33;12.4;2920;2.73;71.3;8228;970;0.2;86;44.4;28;3.40;53;6.44;9834;444;525;8766;7033;550;628;504;4113;44.4;272;3.9;1.7;3399;550;306;;1312;1231;;9.83;62.8
2;209;Weiß;4.16;6.1;1424;5921;5843;98.68;78;5588;5641;100.9;5876;105.2;5810;104.0;5861;104.9;5900;105.6;3118;52.7;2577;43.52;243;4.1;137;2.31;636;10.7;511;8.6;154;2.60;181;3.06;568;9.59;163;2.75;163;2.75;671;11.3;2323;39.2;363;6.13;788;13.31;274;4.63;273;4.61;44.7;44.1;45.3;45;41.7;1263;21.3;2614;44.1;2044;34.5;434;7.33;2314;39.1;2826;47.7;343;5.79;4;68;1026;17.3;212;19.9;96;178;334;467;7.9;51;4.8;16;0.27;46;0.78;276;4.66;49;0.83;34;0.57;49;0.83;22;0.37;108;1.82;61;1.03;21;0.35;183;3.09;161;2.72;22;0.37;228;3.85;202;3.41;26;0.44;72;1.22;143;;14.9;40;6.8;1.34;33.3;47;7.9;2845;1112;39.1;916;32.2;414;14.55;300;10.54;103;3.62;2.08;651;22.88;321;11.28;330;11.60;148;5.20;284;6.3;203;81;8.9;156;5.5;54;8.3;35;23.6;1532;1.86;86.1;2797;1017;3.1;94.2;44.5;2;0.72;28;10.01;3388;88;256;3009;2966;508;620;611;1653;46.1;153;5.7;2.7;294;294;;;;;;8.68;66.3
2;210;Sürth;3.42;5.7;3089;10564;10385;98.31;179;6688;7179;107.3;8736;130.6;9752;145.8;10395;155.4;11400;170.5;5524;52.3;4526;42.84;497;4.7;221;2.09;1121;10.6;800;7.6;286;2.71;380;3.60;1140;10.79;331;3.13;320;3.03;1492;14.1;4296;40.7;560;5.30;962;9.11;337;3.19;460;4.35;41.5;40;42.8;41.4;41.8;2158;20.4;4339;41.1;4067;38.5;740;7.00;4503;42.6;4693;44.4;599;5.67;29;275;2431;23;560;26.2;279;448;941;893;8.5;88;4.1;39;0.37;116;1.10;424;4.01;84;0.80;68;0.64;70;0.66;31;0.29;265;2.51;127;1.20;49;0.46;408;3.86;421;3.99;-13;-0.12;494;4.68;339;3.21;155;1.47;246;2.33;181;;11.4;90;8.5;1.36;32;93;8.8;4892;1973;40.3;1382;28.3;684;13.98;657;13.43;196;4.01;2.14;1313;26.84;644;13.16;669;13.68;249;5.09;427;4.9;320;107;5.7;243;5;81;6.2;44;17.7;2067;2.37;80.9;4788;1022;4;87.8;39.8;52;10.86;37;7.73;6909;645;382;5819;4668;551;691;554;3255;48.3;196;3.9;2.9;347;347;;;;;;8.99;64
2;211;Godorf;4.59;1.2;506;2326;2299;98.84;27;2561;2555;99.8;2476;96.7;2431;94.9;2289;89.4;2600;101.5;1099;47.2;942;40.50;193;8.3;35;1.50;203;8.7;145;6.2;59;2.54;68;2.92;179;7.70;64;2.75;67;2.88;452;19.4;900;38.7;118;5.07;239;10.28;81;3.48;99;4.26;42.7;41.2;44.4;44.3;35.7;322;13.8;1071;46.0;933;40.1;165;7.09;922;39.6;1089;46.8;140;6.02;10;430;746;32.1;193;52.2;120;98;170;432;18.6;84;22.7;16;0.69;30;1.29;164;7.05;23;0.99;32;1.38;52;2.24;9;0.39;213;9.16;88;3.78;9;0.39;177;7.61;176;7.57;1;0.04;129;5.55;108;4.64;21;0.90;51;2.19;276;;14.1;27;11.6;1.93;30.3;14;6;1141;464;40.7;387;33.9;155;13.58;90;7.89;45;3.94;2.04;213;18.67;117;10.25;96;8.41;45;3.94;187;9.9;150;37;11.8;118;10.3;27;12.7;12;26.7;547;2.09;83.4;1039;1098;1.6;82.6;36.9;4;3.85;6;5.77;2491;458;149;1815;1042;780;928;533;792;51.2;95;8.2;8.1;719;100;;619;;;;8.38;45
2;212;Immendorf;5.2;0.8;388;2020;1998;98.91;22;1905;1971;103.5;2086;109.5;2066;108.5;2026;106.4;2000;105.0;1013;50.1;850;42.08;104;5.1;50;2.48;177;8.8;143;7.1;55;2.72;57;2.82;191;9.46;74;3.66;60;2.97;309;15.3;791;39.2;117;5.79;188;9.31;90;4.46;88;4.36;42.7;40.7;44.7;43.4;36.6;375;18.6;919;45.5;726;35.9;143;7.08;764;37.8;972;48.1;135;6.68;6;297;542;26.8;143;37.9;59;133;173;205;10.1;42;11.1;13;0.64;48;2.38;67;3.32;5;0.25;28;1.39;12;0.59;0;0.00;71;3.51;32;1.58;6;0.30;81;4.01;99;4.90;-18;-0.89;91;4.50;86;4.26;5;0.25;15;0.74;184;;14.8;16;7.9;1.65;28.1;18;8.9;916;323;35.3;304;33.2;140;15.28;106;11.57;43;4.69;2.2;224;24.45;110;12.01;114;12.45;53;5.79;188;11.5;117;71;20.9;77;8.4;39;17.4;21;39.6;440;2.08;81.1;878;1043;3.2;89.4;38.9;2;2.28;0;0.00;1224;42;132;1025;1016;507;624;618;652;49.5;78;7.9;6.9;84;84;;;;;;8.52;53.5
2;213;Meschenich;4.72;2.6;1641;7747;7674;99.06;73;7241;7709;106.5;7887;108.9;7917;109.3;7717;106.6;8900;122.9;3473;44.8;2672;34.49;1195;15.4;112;1.45;378;4.9;299;3.9;272;3.51;299;3.86;816;10.53;267;3.45;284;3.67;1488;19.2;3005;38.8;372;4.80;575;7.42;180;2.32;189;2.44;38.3;38.2;38.5;40;35.7;665;8.6;2809;36.3;4273;55.2;508;6.56;3414;44.1;3506;45.3;317;4.09;2;26;4465;57.6;1191;72;1330;297;869;3019;39;584;35.3;178;2.30;514;6.63;1037;13.39;45;0.58;84;1.08;528;6.82;28;0.36;1276;16.47;933;12.04;14;0.18;610;7.87;601;7.76;9;0.12;269;3.47;314;4.05;-45;-0.58;251;3.24;264;;10.6;96;12.4;2.2;26.1;61;7.9;3225;1191;36.9;918;28.5;431;13.36;331;10.26;354;10.98;2.4;827;25.64;331;10.26;496;15.38;131;4.06;1629;24.2;1123;506;34.8;772;23.9;266;32.2;101;77.1;1185;2.72;88.2;3178;1015;0.9;77.6;31.9;6;1.89;20;6.29;2848;116;225;2462;2431;318;404;399;1810;33.8;595;14.8;14.9;298;298;;;;;;7.82;44
3;301;Klettenberg;1.8;41.2;5868;10546;10330;97.95;216;11018;10707;97.2;10493;95.2;10328;93.7;10537;95.6;10000;90.8;5691;54.0;4903;46.49;378;3.6;206;1.95;1805;17.1;1067;10.1;328;3.11;302;2.86;741;7.03;236;2.24;273;2.59;2093;19.8;4195;39.8;562;5.33;951;9.02;347;3.29;518;4.91;42.4;41.2;43.4;42.5;40.8;2092;19.8;4271;40.5;4183;39.7;768;7.28;5233;49.6;3949;37.4;554;5.25;42;398;1702;16.1;304;18.9;212;253;673;713;6.8;48;3;38;0.36;84;0.80;326;3.09;17;0.16;58;0.55;29;0.27;17;0.16;216;2.05;117;1.11;49;0.46;493;4.67;492;4.67;1;0.01;547;5.19;571;5.41;-24;-0.23;144;1.37;213;;12;114;10.8;1.26;33.1;94;8.9;5730;3039;53.0;1521;26.5;624;10.89;418;7.29;128;2.23;1.8;1033;18.03;593;10.35;440;7.68;224;3.91;317;3.7;232;85;6.1;189;3.3;53;5.1;31;13.8;1118;5.13;35.7;5570;1029;0;76.2;40.2;1;0.18;1;0.18;4639;95;348;4141;3955;393;463;442;3644;51.1;183;3.4;2.9;483;483;;;;;;10.71;67.9
3;302;Sülz;5.17;41.8;6847;35414;34319;96.91;1095;36446;36911;101.3;36929;101.3;36401;99.9;35330;96.9;37900;104.0;18912;53.4;16891;47.70;1624;4.6;647;1.83;7553;21.3;3627;10.2;975;2.75;787;2.22;1767;4.99;551;1.56;784;2.21;10782;30.4;13064;36.9;1503;4.24;2781;7.85;1007;2.84;1413;3.99;40.7;39.8;41.5;40.9;39.2;7115;20.1;14218;40.1;14081;39.8;2466;6.96;20288;57.3;10926;30.9;1618;4.57;116;328;6490;18.3;770;18.9;482;928;2199;3195;9;167;4.1;132;0.37;510;1.44;1563;4.41;145;0.41;357;1.01;101;0.29;70;0.20;725;2.05;316;0.89;265;0.75;2504;7.07;2376;6.71;128;0.36;1928;5.44;2089;5.90;-161;-0.45;892;2.52;276;;10.8;363;10.3;1.01;32.4;251;7.1;21871;13498;61.7;5246;24.0;1754;8.02;1052;4.81;321;1.47;1.61;2779;12.71;1681;7.69;1098;5.02;700;3.20;1253;4.3;1070;183;5;952;4.4;141;5.1;102;14.6;2914;7.51;23;22306;980;0.7;63.1;39.7;135;6.05;141;6.32;15989;527;1127;14144;11692;399;451;373;13573;53.4;867;4.5;2.3;4502;477;93;967;2739;;226;11.08;65.2
3;303;Lindenthal;7.73;31.7;3852;29777;28822;96.79;955;30093;29953;99.5;30459;101.2;30231;100.5;29504;98.0;30800;102.3;15986;53.7;14333;48.13;1450;4.9;381;1.28;5784;19.4;3000;10.1;825;2.77;641;2.15;1495;5.02;443;1.49;768;2.58;8776;29.5;9964;33.5;1322;4.44;2877;9.66;995;3.34;1671;5.61;42.1;40.8;43.2;42.4;39.1;6411;21.5;12324;41.4;11042;37.1;2002;6.72;16356;54.9;9778;32.8;1548;5.20;93;312;5480;18.4;628;18.4;373;859;1862;2654;8.9;119;3.5;104;0.35;456;1.53;1337;4.49;90;0.30;253;0.85;119;0.40;48;0.16;535;1.80;208;0.70;222;0.75;2499;8.39;2083;7.00;416;1.40;1624;5.45;1851;6.22;-227;-0.76;629;2.11;292;;10.6;323;10.8;1.23;33.1;244;8.2;16841;10166;60.4;4005;23.8;1459;8.66;891;5.29;320;1.90;1.65;2197;13.05;1267;7.52;930;5.52;420;2.49;577;2.5;500;77;2.5;466;2.8;66;3;48;11.4;3511;4.80;38.3;17890;941;0.6;72.7;43.7;130;7.27;102;5.70;13505;291;806;12282;10951;412;466;415;10058;49.9;438;2.9;1;3794;1132;;;2098;;564;11.25;66.9
3;304;Braunsfeld;1.68;1.2;6383;10697;10411;97.33;286;11263;10998;97.6;10897;96.8;10508;93.3;10524;93.4;10500;93.2;5716;53.4;5112;47.79;554;5.2;151;1.41;2031;19.0;1104;10.3;331;3.09;233;2.18;516;4.82;163;1.52;272;2.54;2745;25.7;3628;33.9;544;5.09;1168;10.92;406;3.80;691;6.46;43.6;42;45;43.9;40.8;2392;22.4;4290;40.1;4015;37.5;782;7.31;5438;50.8;3772;35.3;657;6.14;48;449;2196;20.5;300;24.1;187;350;700;1076;10.1;60;4.8;55;0.51;162;1.51;525;4.91;40;0.37;88;0.82;79;0.74;42;0.39;261;2.44;123;1.15;73;0.68;816;7.63;664;6.21;152;1.42;677;6.33;675;6.31;2;0.02;141;1.32;278;;11;113;10.6;1.26;32.7;106;9.9;6290;3674;58.4;1605;25.5;567;9.01;348;5.53;96;1.53;1.67;834;13.26;489;7.77;345;5.48;170;2.70;363;4.4;323;40;3.3;278;4.4;38;4.6;24;14.1;1178;5.34;39.1;6286;1001;0.2;78.2;45.9;303;48.20;20;3.18;6481;581;317;5485;4082;513;580;432;3591;51.6;261;5;2.5;394;394;;;;;;12.51;64.6
3;305;Müngersdorf;5.1;16.8;1578;8042;7886;98.06;156;7765;7986;102.8;8481;109.2;8551;110.1;7888;101.6;8400;108.2;4121;51.2;3516;43.72;622;7.7;121;1.50;819;10.2;516;6.4;192;2.39;177;2.20;612;7.61;213;2.65;287;3.57;1727;21.5;2693;33.5;450;5.60;888;11.04;279;3.47;524;6.52;43.3;42;44.7;44.8;35.2;1480;18.4;3290;40.9;3272;40.7;515;6.40;3779;47.0;3202;39.8;527;6.55;19;236;2149;26.7;353;29.6;302;235;607;1231;15.3;99;8.3;92;1.14;221;2.75;525;6.53;46;0.57;99;1.23;64;0.80;19;0.24;301;3.74;188;2.34;92;1.14;688;8.56;497;6.18;191;2.38;450;5.60;447;5.56;3;0.04;134;1.67;276;;11.6;67;8.3;1.38;33.1;122;15.2;3760;1640;43.6;1208;32.1;445;11.84;329;8.75;138;3.67;1.98;710;18.88;357;9.49;353;9.39;132;3.51;528;8.5;383;145;13.7;280;7.4;102;14.4;49;37.1;1565;2.40;76;4025;934;7.4;90.3;45.2;52;12.92;12;2.98;5088;459;223;4325;3313;538;632;484;1875;36.6;218;5.7;4.2;1117;178;;392;;;547;9.98;59.7
3;306;Junkersdorf;7.38;4.2;1773;13082;12771;97.62;311;9456;10061;106.4;11064;117.0;12235;129.4;12786;135.2;13600;143.8;6651;50.8;5518;42.18;589;4.5;200;1.53;1688;12.9;1077;8.2;432;3.30;412;3.15;1246;9.52;286;2.19;313;2.39;2399;18.3;5142;39.3;688;5.26;1316;10.06;380;2.90;468;3.58;41;40.1;41.9;41;40.5;2835;21.7;5151;39.4;5096;39.0;915;6.99;6093;46.6;5486;41.9;565;4.32;23;176;2622;20;462;19.4;166;375;953;1192;9.1;97;4.1;31;0.24;260;1.99;613;4.69;39;0.30;65;0.50;167;1.28;23;0.18;225;1.72;83;0.63;63;0.48;837;6.40;717;5.48;120;0.92;653;4.99;568;4.34;85;0.65;229;1.75;230;;10;148;11.3;1.56;32.2;69;5.3;6645;3166;47.6;1780;26.8;776;11.68;693;10.43;230;3.46;1.96;1403;21.11;619;9.32;784;11.80;229;3.45;381;3.6;311;70;3.2;244;3.7;56;4;33;14.4;2236;2.97;74.4;6785;979;0.6;89.8;46.6;25;3.68;140;20.63;10490;686;361;9359;6011;715;874;561;3947;47.2;220;3.5;2;511;511;;;;;;9.98;65.1
3;307;Weiden;3.65;8.1;4499;16442;16164;98.31;278;15475;15321;99.0;16572;107.1;16511;106.7;16328;105.5;15800;102.1;8755;53.2;7584;46.13;1150;7.0;322;1.96;2426;14.8;1797;10.9;411;2.50;391;2.38;1109;6.74;408;2.48;397;2.41;2942;17.9;5828;35.4;1093;6.65;2174;13.22;749;4.56;940;5.72;45.5;44.1;46.7;46.5;38.7;3006;18.3;5908;35.9;7528;45.8;1551;9.43;6572;40.0;7083;43.1;1153;7.01;83;505;5130;31.2;1094;47.2;507;803;1890;2133;13;311;13.4;98;0.60;491;2.99;826;5.02;58;0.35;158;0.96;133;0.81;90;0.55;619;3.76;255;1.55;99;0.60;838;5.10;886;5.39;-48;-0.29;767;4.66;645;3.92;122;0.74;339;2.06;211;;11.8;132;8;1.25;29.7;110;6.7;8768;4178;47.7;2747;31.3;1035;11.80;584;6.66;224;2.55;1.86;1476;16.83;858;9.79;618;7.05;368;4.20;1134;9.2;819;315;16.2;591;6.7;207;14;107;29.1;2289;3.83;70.9;8419;1041;1;83.1;42.6;79;9.38;16;1.90;8228;181;500;7496;7115;456;531;504;5248;50.8;496;6.4;5;1826;403;315;;1108;;;9.22;58.8
3;308;Lövenich;3.69;2.1;2325;8583;8464;98.61;119;8420;8340;99.0;8321;98.8;8158;96.9;8531;101.3;8300;98.6;4432;51.6;3716;43.29;298;3.5;146;1.70;880;10.3;675;7.9;234;2.73;269;3.13;747;8.70;209;2.44;201;2.34;1231;14.3;3380;39.4;545;6.35;1036;12.07;343;4.00;388;4.52;44;43.2;44.7;44.1;42.1;1685;19.6;3554;41.4;3344;39.0;609;7.10;3298;38.4;4172;48.6;486;5.66;18;210;1548;18;310;21.2;133;286;606;585;6.8;63;4.3;16;0.19;94;1.10;315;3.67;23;0.27;64;0.75;42;0.49;27;0.31;130;1.51;66;0.77;30;0.35;318;3.70;314;3.66;4;0.05;368;4.29;269;3.13;99;1.15;117;1.36;161;;13.5;74;8.6;1.37;33.1;53;6.2;4168;1602;38.4;1410;33.8;608;14.59;434;10.41;114;2.74;2.06;927;22.24;496;11.90;431;10.34;164;3.93;268;4;208;60;4.5;154;3.7;44;4.7;21;12.8;2231;1.87;86.7;4201;992;0;97;47.5;27;6.43;20;4.76;5559;291;330;4882;4408;569;685;619;2828;52.2;182;4.5;1.3;421;421;;;;;;9.23;66.3
3;309;Widdersdorf;5.6;3.4;1537;8604;8527;99.11;77;4887;4999;102.3;5810;118.9;6880;140.8;8024;164.2;9900;202.6;4376;50.9;3388;39.38;431;5.0;141;1.64;595;6.9;476;5.5;362;4.21;400;4.65;1067;12.40;233;2.71;221;2.57;1134;13.2;3498;40.7;383;4.45;740;8.60;275;3.20;291;3.38;39.3;38.4;40.1;39.5;37.5;1543;17.9;3410;39.6;3651;42.4;482;5.60;3393;39.4;4318;50.2;401;4.66;10;116;2294;26.7;712;34.5;551;340;913;825;9.6;132;6.4;26;0.30;66;0.77;317;3.68;36;0.42;80;0.93;25;0.29;18;0.21;357;4.15;270;3.14;59;0.69;352;4.09;272;3.16;80;0.93;620;7.21;208;2.42;412;4.79;166;1.93;188;;10.6;106;12.3;1.76;31.3;46;5.3;3599;1069;29.7;1086;30.2;652;18.12;613;17.03;179;4.97;2.39;1216;33.79;521;14.48;695;19.31;155;4.31;333;4.6;219;114;6.1;154;4.3;72;5.9;40;25.8;2366;1.52;91.5;3592;1002;5;104.7;43.7;284;79.06;209;58.18;4416;132;275;3950;3848;459;604;588;2417;47.8;160;4.2;2.5;828;719;;;109;;;8.58;62.9
4;401;Ehrenfeld;3.72;4.3;9684;36008;35068;97.39;940;34808;34008;97.7;33288;95.6;35134;100.9;35654;102.4;36000;103.4;17964;49.9;15909;44.18;3529;9.8;664;1.84;6910;19.2;2679;7.4;973;2.70;712;1.98;1832;5.09;547;1.52;814;2.26;12082;33.6;13262;36.8;1450;4.03;2536;7.04;814;2.26;986;2.74;39.2;39.2;39.2;38.6;41.4;5814;16.1;12647;35.1;17547;48.7;2638;7.33;21529;59.8;10197;28.3;1393;3.87;251;697;12351;34.3;2232;54.9;3637;936;3314;7493;20.8;718;17.7;271;0.75;459;1.27;3023;8.40;296;0.82;1067;2.96;213;0.59;254;0.71;3475;9.65;2613;7.26;265;0.74;3082;8.56;2681;7.45;401;1.11;2574;7.15;2720;7.55;-146;-0.41;958;2.66;334;;9;367;10.2;0.96;32;248;6.9;22448;14407;64.2;4953;22.1;1665;7.42;968;4.31;455;2.03;1.59;2666;11.88;1606;7.15;1060;4.72;744;3.31;3632;11.8;2864;768;21.1;2347;10.5;534;20;304;40.9;2920;7.69;17.4;20859;1076;7.7;58.8;34.1;85;4.07;157;7.53;15484;1599;1050;12481;9581;347;391;300;13857;51.6;1787;8.9;5.1;1505;730;96;534;;;145;10.23;55.8
4;402;Neuehrenfeld;2.55;14.3;9195;23446;22956;97.91;490;20885;20762;99.4;21958;105.1;22860;109.5;23364;111.9;23400;112.0;11967;51.0;10362;44.20;1613;6.9;486;2.07;3721;15.9;2100;9.0;741;3.16;599;2.55;1514;6.46;448;1.91;593;2.53;5628;24.0;9069;38.7;1110;4.73;2062;8.79;729;3.11;953;4.06;41.4;40.3;42.4;41.4;41.2;3763;16.0;8999;38.4;10684;45.6;1795;7.66;12062;51.4;8236;35.1;1211;5.17;142;606;6293;26.8;1229;37.2;1574;525;1922;3496;14.9;298;9;162;0.69;260;1.11;1514;6.46;101;0.43;393;1.68;236;1.01;158;0.67;1435;6.12;1039;4.43;125;0.53;1487;6.34;1372;5.85;115;0.49;1289;5.50;1455;6.21;-166;-0.71;483;2.06;260;;11;279;11.9;1.37;30.9;199;8.5;13239;7354;55.5;3400;25.7;1324;10.00;836;6.31;325;2.45;1.75;2149;16.23;1241;9.37;908;6.86;533;4.03;1753;9.1;1315;438;15.1;1029;7.8;288;13.4;154;28.9;2264;5.85;37.9;12768;1037;5;65.9;35.9;94;7.36;50;3.92;9636;721;779;7973;7455;340;396;370;8506;52;811;6.6;4.9;2592;720;464;570;838;;;10.78;60.3
4;403;Bickendorf;2.31;6.7;7208;16632;16431;98.79;201;15042;16067;106.8;16382;108.9;16239;108.0;16304;108.4;16600;110.4;8469;50.9;6931;41.67;1869;11.2;536;3.22;1822;11.0;1220;7.3;541;3.25;525;3.16;1522;9.15;526;3.16;579;3.48;3416;20.5;6127;36.8;821;4.94;1453;8.74;519;3.12;603;3.63;40.1;39.4;40.9;40.8;37.9;2124;12.8;6244;37.5;8264;49.7;1513;9.10;7508;45.1;6623;39.8;962;5.78;26;156;7079;42.6;1820;58.4;2542;862;1823;3841;23.1;553;17.8;229;1.38;272;1.64;1138;6.84;71;0.43;359;2.16;322;1.94;50;0.30;2136;12.84;1741;10.47;66;0.40;976;5.87;829;4.98;147;0.88;912;5.48;792;4.76;120;0.72;352;2.12;232;;10.9;173;10.4;1.41;28;157;9.4;8162;3650;44.7;2387;29.2;990;12.13;756;9.26;379;4.64;2.02;1878;23.01;955;11.70;923;11.31;590;7.23;3033;21.9;2084;949;35.2;1491;18.3;619;33;362;61.4;1881;4.34;54.3;7940;1028;22.5;68.8;32.9;7;0.88;43;5.42;6542;554;440;5457;4881;328;404;361;5082;46.2;964;11.7;8.4;1587;357;335;;739;;156;8.39;45.6
4;404;Vogelsang;3.66;16.7;2240;8201;8106;98.84;95;7736;7590;98.1;7348;95.0;8053;104.1;8134;105.1;8100;104.7;4165;50.8;3501;42.69;529;6.5;168;2.05;801;9.8;573;7.0;186;2.27;228;2.78;695;8.47;258;3.15;270;3.29;1256;15.3;3099;37.8;523;6.38;888;10.83;370;4.51;428;5.22;44.1;43;45.1;44.5;40.8;1383;16.9;3711;45.3;3107;37.9;564;6.88;3213;39.2;3845;46.9;567;6.91;12;146;2036;24.8;487;35.6;603;246;612;1046;12.8;129;9.4;40;0.49;129;1.57;347;4.23;20;0.24;120;1.46;53;0.65;12;0.15;507;6.18;384;4.68;23;0.28;318;3.88;280;3.41;38;0.46;326;3.98;297;3.62;29;0.35;105;1.28;162;;15.6;51;6.2;1.16;28;63;7.7;3940;1582;40.2;1241;31.5;585;14.85;387;9.82;145;3.68;2.07;825;20.94;442;11.22;383;9.72;182;4.62;712;11.1;525;187;16.3;416;10.6;127;15.4;84;46.2;1843;2.14;86.3;3781;1042;6.1;79.8;36.8;8;2.12;2;0.53;4507;317;436;3671;3359;448;537;492;2608;49.8;345;8.8;7.7;1116;352;;429;;;335;8.74;54.2
4;405;Bocklemünd/Mengenich;4.93;6.5;2098;10344;10243;99.02;101;11482;11299;98.4;10954;95.4;10869;94.7;10398;90.6;10700;93.2;5499;53.2;4519;43.69;1013;9.8;295;2.85;1035;10.0;888;8.6;275;2.66;347;3.35;993;9.60;319;3.08;357;3.45;1607;15.5;3456;33.4;515;4.98;1239;11.98;600;5.80;636;6.15;43.9;42.1;45.5;45.2;38.8;1559;15.1;4232;40.9;4553;44.0;912;8.82;4181;40.4;4354;42.1;876;8.47;21;203;3928;38;1045;54;1468;562;1063;1977;19.1;313;16.2;125;1.21;136;1.31;407;3.93;38;0.37;172;1.66;32;0.31;18;0.17;1280;12.37;980;9.47;29;0.28;384;3.71;398;3.85;-14;-0.14;474;4.58;457;4.42;17;0.16;243;2.35;189;;13.7;101;9.8;1.76;26.8;163;15.8;4712;1849;39.2;1479;31.4;643;13.65;462;9.80;279;5.92;2.14;1101;23.37;513;10.89;588;12.48;319;6.77;1995;25.7;1293;702;42.2;907;19.2;409;37.1;227;71.2;1252;3.76;68.6;4968;948;28.1;76.1;36.5;7;1.41;0;0.00;4287;189;335;3729;3532;360;443;420;2793;45.4;706;15.3;11.3;1347;425;;;;922;;8.02;46.9
4;406;Ossendorf;6.81;22.8;1451;9878;9775;98.96;103;5290;5826;110.1;7466;141.1;9784;185.0;9917;187.5;11100;209.8;5025;50.9;3908;39.56;983;10.0;329;3.33;795;8.0;555;5.6;325;3.29;352;3.56;1214;12.29;407;4.12;352;3.56;1720;17.4;3884;39.3;382;3.87;683;6.91;272;2.75;287;2.91;37.8;37.1;38.5;37.8;37.9;1294;13.1;3672;37.2;4912;49.7;710;7.19;4578;46.3;4137;41.9;439;4.44;14;142;4178;42.3;1252;54.5;1476;459;1426;1914;19.4;291;12.7;114;1.15;109;1.10;489;4.95;51;0.52;230;2.33;49;0.50;23;0.23;1154;11.68;907;9.18;48;0.49;270;2.73;360;3.64;-90;-0.91;464;4.70;492;4.98;-28;-0.28;151;1.53;176;;10.5;112;11.3;1.64;28;41;4.2;4347;1628;37.5;1176;27.1;697;16.03;576;13.25;270;6.21;2.26;1397;32.14;718;16.52;679;15.62;358;8.24;1451;17;985;466;23.7;680;15.6;319;22.8;173;48.3;1415;3.07;73.6;4228;1028;30;76.9;32.9;0;0.00;12;2.84;6506;819;296;5244;3390;531;692;447;3106;46.9;509;10.2;6.4;634;634;;;;;;7.84;48.6
5;501;Nippes;3;22.6;11587;34705;33956;97.84;749;32863;32405;98.6;31609;96.2;32075;97.6;34533;105.1;35400;107.7;18014;51.9;15571;44.87;2841;8.2;680;1.96;6024;17.4;3217;9.3;1195;3.44;1053;3.03;2179;6.28;623;1.80;791;2.28;8562;24.7;14032;40.4;1549;4.46;2675;7.71;909;2.62;1137;3.28;40.3;39.7;40.8;39.9;41.9;5711;16.5;11981;34.5;17013;49.0;2588;7.46;18625;53.7;11689;33.7;1619;4.67;184;530;10055;29;2009;39.8;3207;848;2866;5806;16.7;547;10.8;158;0.46;311;0.90;2283;6.58;411;1.18;611;1.76;231;0.67;113;0.33;2824;8.14;2134;6.15;230;0.66;2021;5.82;1734;5.00;287;0.83;1830;5.27;2086;6.01;-256;-0.74;800;2.31;244;;10.3;466;13.4;1.35;32.3;221;6.4;19807;11402;57.6;4700;23.7;1934;9.76;1292;6.52;479;2.42;1.73;3263;16.47;1874;9.46;1389;7.01;741;3.74;2285;7.8;1776;509;10.7;1464;7.4;344;10.5;195;26.3;3170;6.25;24.6;19557;1013;4.4;65.3;36.8;77;3.94;103;5.27;12399;438;1093;10699;10264;308;361;346;12862;52;1071;5.8;5.7;3598;933;379;1221;775;;290;10.9;61
5;502;Mauenheim;0.49;14.5;11660;5696;5598;98.28;98;5711;5777;101.2;5611;98.2;5340;93.5;5655;99.0;5400;94.6;2926;51.4;2483;43.59;436;7.7;161;2.83;806;14.2;546;9.6;149;2.62;156;2.74;485;8.51;170;2.98;170;2.98;1095;19.2;2110;37.0;288;5.06;602;10.57;237;4.16;234;4.11;42.3;41;43.5;42.8;39.7;890;15.6;2162;38.0;2644;46.4;488;8.57;2560;44.9;2267;39.8;371;6.51;10;176;1711;30;425;44.3;586;201;504;887;15.6;115;12;44;0.77;52;0.91;251;4.41;34;0.60;59;1.04;20;0.35;21;0.37;514;9.02;381;6.69;26;0.46;200;3.51;187;3.28;13;0.23;288;5.06;275;4.83;13;0.23;58;1.02;177;;13.2;53;9.3;1.31;29.6;45;7.9;3053;1560;51.1;848;27.8;341;11.17;213;6.98;91;2.98;1.84;603;19.75;341;11.17;262;8.58;171;5.60;551;12.2;384;167;20.4;288;9.4;117;19.4;73;42.7;873;3.50;65.2;2951;1035;5.8;67.5;35;0;0.00;0;0.00;2238;82;178;1941;1911;341;410;404;2015;54.8;217;7.9;7.2;259;259;;;;;;8.8;56.5
5;503;Riehl;2.39;23.5;4679;11183;10981;98.19;202;12913;12108;93.8;11743;90.9;11712;90.7;11211;86.8;11200;86.7;6031;53.9;5398;48.27;749;6.7;173;1.55;1487;13.3;1077;9.6;253;2.26;253;2.26;575;5.14;209;1.87;244;2.18;1765;15.8;3968;35.5;655;5.86;1579;14.12;688;6.15;994;8.89;48.6;46.3;50.6;49.2;45.4;1996;17.8;4087;36.5;5100;45.6;1150;10.28;4483;40.1;4347;38.9;1125;10.06;78;697;3056;27.3;532;41.2;915;403;981;1525;13.6;111;8.6;48;0.43;141;1.26;511;4.57;62;0.55;142;1.27;65;0.58;32;0.29;768;6.87;622;5.56;57;0.51;452;4.04;421;3.76;31;0.28;650;5.81;557;4.98;93;0.83;195;1.74;203;;12.2;95;8.5;1.44;30.5;253;22.6;5373;2648;49.3;1626;30.3;593;11.04;372;6.92;134;2.49;1.84;834;15.52;478;8.90;356;6.63;194;3.61;590;7.6;458;132;11.8;372;6.9;90;10.8;49;25.3;874;6.15;31.8;6418;837;8.4;68;39;8;1.25;0;0.00;4603;117;395;4041;3807;361;408;385;3445;51.5;270;5.4;4.8;598;363;;;;235;;11.77;56.7
5;504;Niehl;12.06;7.6;1603;19339;19086;98.69;253;19353;18431;95.2;17957;92.8;18030;93.2;18842;97.4;17900;92.5;10014;51.8;8399;43.43;2161;11.2;457;2.36;2325;12.0;1583;8.2;625;3.23;534;2.76;1568;8.11;512;2.65;568;2.94;3839;19.9;7147;37.0;1069;5.53;2016;10.42;703;3.64;758;3.92;41.8;41;42.5;42.2;40.6;2619;13.5;6379;33.0;10341;53.5;1722;8.90;8447;43.7;7980;41.3;1130;5.84;60;310;7622;39.4;1839;56.8;3532;601;2152;4242;21.9;486;15;205;1.06;249;1.29;924;4.78;113;0.58;282;1.46;108;0.56;59;0.31;2800;14.48;2398;12.40;64;0.33;905;4.68;773;4.00;132;0.68;1225;6.33;931;4.81;294;1.52;424;2.19;220;;10.6;223;11.5;1.56;28.9;165;8.5;9716;4505;46.4;2849;29.3;1183;12.18;810;8.34;369;3.80;1.95;1970;20.28;1089;11.21;881;9.07;503;5.18;2316;14.8;1614;702;24.6;1165;12;454;23;251;49.9;2132;4.56;48.8;10127;959;11.7;69;36.1;15;1.48;200;19.75;15077;1139;618;13147;6468;680;817;402;6504;51.8;841;8.9;9.6;1246;466;;;780;;;8.91;51.1
5;505;Weidenpesch;3.91;21.9;3526;13781;13579;98.53;202;12816;13327;104.0;13614;106.2;13522;105.5;13604;106.1;13300;103.8;7124;51.7;6163;44.72;1332;9.7;282;2.05;2039;14.8;1331;9.7;350;2.54;357;2.59;943;6.84;380;2.76;452;3.28;2864;20.8;5048;36.6;775;5.62;1506;10.93;506;3.67;600;4.35;42.7;41.7;43.7;43.7;39;1978;14.4;4969;36.1;6834;49.6;1289;9.35;6103;44.3;5488;39.8;865;6.28;36;261;4786;34.7;1110;54.7;1845;455;1263;2749;19.9;369;18.2;80;0.58;268;1.94;741;5.38;76;0.55;242;1.76;95;0.69;18;0.13;1588;11.52;1282;9.30;72;0.52;689;5.00;564;4.09;125;0.91;858;6.23;825;5.99;33;0.24;253;1.84;231;;11.8;118;8.6;1.12;30.3;125;9.1;7432;3826;51.5;2106;28.3;766;10.31;474;6.38;260;3.50;1.83;1242;16.71;692;9.31;550;7.40;316;4.25;1476;13.5;1070;406;23.5;776;10.4;263;21.2;129;40.8;1113;6.68;33.1;7478;994;6.6;66.1;35.9;47;6.29;2;0.27;6144;283;465;5082;4753;369;432;404;5010;54.7;558;8.1;7;252;252;;;;;;8.65;52.1
5;506;Longerich;6.14;14.9;2173;13342;13146;98.53;196;14174;13882;97.9;13877;97.9;13815;97.5;13503;95.3;13000;91.7;6944;52.0;5985;44.86;666;5.0;277;2.08;1559;11.7;1189;8.9;310;2.32;311;2.33;946;7.09;391;2.93;394;2.95;2201;16.5;4837;36.3;834;6.25;1532;11.48;668;5.01;918;6.88;45.7;44.2;47.1;46.1;41.7;2134;16.0;6371;47.8;4837;36.3;1013;7.59;5233;39.2;6095;45.7;973;7.29;28;210;3225;24.2;702;35.9;914;638;1060;1332;10;136;6.9;61;0.46;85;0.64;498;3.73;48;0.36;176;1.32;56;0.42;19;0.14;641;4.80;523;3.92;47;0.35;422;3.16;453;3.40;-31;-0.23;591;4.43;624;4.68;-33;-0.25;254;1.90;176;;15.3;104;7.8;1.4;29.4;131;9.8;6652;2845;42.8;2113;31.8;926;13.92;562;8.45;206;3.10;1.99;1256;18.88;726;10.91;530;7.97;303;4.56;871;8.7;616;255;15.8;459;6.9;168;13.4;96;31.7;2760;2.41;80.1;6808;977;6.3;79.6;40.6;6;0.88;27;3.97;7860;560;622;6588;5748;494;579;505;4522;52.7;344;5.3;4.8;883;537;205;;;;141;8.71;58.9
5;507;Bilderstöckchen;3.76;18.8;4066;15304;15137;98.91;167;13303;13551;101.9;13795;103.7;14741;110.8;15106;113.6;14900;112.0;7876;51.5;6304;41.19;1969;12.9;395;2.58;1543;10.1;1053;6.9;523;3.42;496;3.24;1546;10.10;517;3.38;607;3.97;3237;21.2;5223;34.1;658;4.30;1393;9.10;583;3.81;521;3.40;39.3;38.7;39.9;39.6;38.3;1887;12.3;5092;33.3;8325;54.4;1141;7.46;6905;45.1;6381;41.7;823;5.38;54;353;7251;47.4;1969;63.9;3308;468;2116;4010;26.2;585;19;221;1.44;229;1.50;974;6.36;80;0.52;402;2.63;84;0.55;103;0.67;2542;16.61;2145;14.02;44;0.29;695;4.54;655;4.28;40;0.26;900;5.88;846;5.53;54;0.35;340;2.22;225;;11.5;172;11.2;1.51;27.5;91;5.9;7100;2993;42.2;1968;27.7;966;13.61;744;10.48;429;6.04;2.13;1770;24.93;881;12.41;889;12.52;429;6.04;2469;19.5;1646;823;31.5;1085;15.3;499;28.2;221;51.5;1326;5.35;43.6;6631;1071;11.2;69.7;30.2;0;0.00;16;2.41;6489;529;384;5510;4678;360;451;383;4889;49.6;811;11;7;1775;634;386;;755;;;8.05;48.1
6;601;Merkenich;12.2;3.9;468;5707;5658;99.14;49;4794;5227;109.0;5387;112.4;5638;117.6;5691;118.7;5100;106.4;2824;49.5;2306;40.41;331;5.8;97;1.70;426;7.5;286;5.0;140;2.45;150;2.63;550;9.64;202;3.54;186;3.26;915;16.0;2262;39.6;309;5.41;614;10.76;188;3.29;191;3.35;41.8;41.5;42.2;42.2;39.5;766;13.4;2734;47.9;2207;38.7;384;6.73;2216;38.8;2808;49.2;292;5.12;7;123;1606;28.1;437;41.9;504;284;515;720;12.6;107;10.3;8;0.14;47;0.82;265;4.64;15;0.26;123;2.16;54;0.95;5;0.09;384;6.73;283;4.96;16;0.28;216;3.78;229;4.01;-13;-0.23;209;3.66;189;3.31;20;0.35;166;2.91;177;;13.5;41;7.2;1.18;30.6;36;6.3;2598;916;35.3;879;33.8;399;15.36;284;10.93;120;4.62;2.17;613;23.60;314;12.09;299;11.51;112;4.31;304;6.5;209;95;10.7;160;6.2;59;9.6;41;36.6;1196;2.17;78.8;2513;1034;2;85.6;37.7;19;7.56;11;4.38;4637;685;323;3550;2677;622;761;574;2113;55.8;154;5.4;6.1;225;225;;;;;;8.47;52.5
6;602;Fühlingen;4.86;14.9;432;2098;2080;99.14;18;1543;1606;104.1;1956;126.8;2077;134.6;2112;136.9;1900;123.1;1050;50.0;868;41.37;67;3.2;31;1.48;147;7.0;111;5.3;53;2.53;47;2.24;210;10.01;75;3.57;81;3.86;282;13.4;889;42.4;120;5.72;200;9.53;60;2.86;81;3.86;42.5;41.8;43.2;42.5;42.4;293;14.0;1108;52.8;697;33.2;135;6.43;806;38.4;1049;50.0;106;5.05;2;95;389;18.5;74;19.2;74;125;138;117;5.6;10;2.6;1;0.05;3;0.14;74;3.53;18;0.86;11;0.52;19;0.91;2;0.10;35;1.67;31;1.48;4;0.19;49;2.34;57;2.72;-8;-0.38;55;2.62;76;3.62;-21;-1.00;22;1.05;123;;13.4;26;12.4;3.01;30.7;14;6.7;918;292;31.8;304;33.1;153;16.67;121;13.18;48;5.23;2.29;240;26.14;132;14.38;108;11.76;34;3.70;44;2.5;30;14;4.2;21;2.3;7;2.9;3;8.8;477;1.92;83.9;923;995;0;96.9;42.6;6;6.50;8;8.67;1381;80;169;1102;1077;525;643;629;762;52.7;20;1.8;1.7;;;;;;;;8.63;61.1
6;603;Seeberg;1.78;25.2;6254;11134;11074;99.46;60;12527;11975;95.6;11823;94.4;11569;92.4;11276;90.0;10500;83.8;5710;51.3;4625;41.54;1722;15.5;284;2.55;741;6.7;619;5.6;347;3.12;348;3.13;1181;10.61;404;3.63;421;3.78;1959;17.6;3691;33.2;629;5.65;1271;11.42;464;4.17;419;3.76;41.2;39.9;42.3;41;41.5;1402;12.6;3238;29.1;6494;58.3;691;6.21;4391;39.4;5365;48.2;680;6.11;7;63;7215;64.8;1724;75.6;3029;1376;2059;3291;29.6;459;20.1;76;0.68;210;1.89;474;4.26;3;0.03;226;2.03;94;0.84;22;0.20;2488;22.35;1924;17.28;43;0.39;312;2.80;377;3.39;-65;-0.58;428;3.84;546;4.90;-118;-1.06;297;2.67;176;;12.8;102;9.2;1.52;28.2;90;8.1;4668;1365;29.2;1538;32.9;828;17.74;587;12.57;350;7.50;2.39;1323;28.34;641;13.73;682;14.61;311;6.66;2199;24.6;1519;680;35.2;964;20.7;453;34.2;206;66.2;945;4.94;65.1;4690;995;21.3;76.6;32.3;3;0.64;1;0.21;3806;156;176;3444;3416;309;389;386;3170;44.6;598;11.2;7.5;1893;648;453;792;;;;6.55;42.9
6;604;Heimersdorf;1.75;9.8;3344;5836;5781;99.06;55;6714;6385;95.1;6208;92.5;6123;91.2;5839;87.0;5300;78.9;3111;53.3;2747;47.07;241;4.1;85;1.46;628;10.8;527;9.0;93;1.59;102;1.75;411;7.04;165;2.83;173;2.96;769;13.2;2013;34.5;359;6.15;750;12.85;420;7.20;581;9.96;49.2;47;51.1;49.7;43.1;1025;17.6;2906;49.8;1905;32.6;431;7.39;1880;32.2;2901;49.7;619;10.61;5;86;1251;21.4;260;33.7;360;317;408;454;7.8;41;5.3;10;0.17;33;0.57;133;2.28;8;0.14;30;0.51;36;0.62;6;0.10;271;4.64;217;3.72;7;0.12;136;2.33;129;2.21;7;0.12;291;4.99;232;3.98;59;1.01;68;1.17;147;;18.4;25;4.3;1.03;27.4;98;16.8;2748;1020;37.1;992;36.1;374;13.61;271;9.86;91;3.31;2.07;490;17.83;260;9.46;230;8.37;98;3.57;296;7.3;214;82;13.4;161;5.9;55;11.2;28;28.6;1480;1.86;87.2;2877;955;4.7;85.9;42.3;23;7.99;11;3.82;3135;99;285;2711;2676;465;535;528;1828;54.2;149;5.9;5.3;1009;594;415;;;;;8.14;58.6
6;605;Lindweiler;1.16;12.6;3012;3483;3458;99.28;25;4043;3945;97.6;3793;93.8;3646;90.2;3386;83.7;3200;79.1;1833;52.6;1502;43.12;259;7.4;97;2.78;273;7.8;239;6.9;113;3.24;97;2.78;355;10.19;105;3.01;129;3.70;532;15.3;1117;32.1;198;5.68;473;13.58;187;5.37;177;5.08;43.6;42.5;44.6;44;41.1;561;16.1;1586;45.5;1336;38.4;255;7.32;1328;38.1;1647;47.3;244;7.01;9;258;1305;37.5;319;47.6;429;342;375;502;14.4;78;11.6;34;0.98;24;0.69;97;2.78;0;0.00;38;1.09;25;0.72;4;0.11;338;9.70;272;7.81;9;0.26;89;2.56;65;1.87;24;0.69;211;6.06;151;4.34;60;1.72;38;1.09;159;;15.3;40;11.5;1.99;28.3;27;7.8;1544;504;32.6;537;34.8;255;16.52;152;9.84;96;6.22;2.26;377;24.42;173;11.20;204;13.21;107;6.93;593;22.6;400;193;33.6;266;17.2;116;30.8;67;62.6;593;2.60;82.1;1535;1006;29.2;81.9;36.1;4;2.61;4;2.61;1692;159;127;1393;1328;400;495;472;959;47.6;202;13.4;12;338;105;;;;;233;7.17;46.8
6;606;Pesch;2.83;16.2;2704;7659;7588;99.07;71;8863;8582;96.8;8233;92.9;7880;88.9;7621;86.0;6900;77.9;3942;51.5;3462;45.20;307;4.0;113;1.48;725;9.5;577;7.5;159;2.08;168;2.19;514;6.71;191;2.49;230;3.00;1074;14.0;2570;33.6;624;8.15;1337;17.46;426;5.56;366;4.78;47.6;46.7;48.5;48.2;41.5;1451;18.9;3404;44.4;2804;36.6;509;6.65;2464;32.2;4149;54.2;530;6.92;7;91;1778;23.2;353;34.2;416;433;617;635;8.3;54;5.2;8;0.10;56;0.73;281;3.67;33;0.43;113;1.48;36;0.47;4;0.05;271;3.54;231;3.02;19;0.25;164;2.14;184;2.40;-20;-0.26;355;4.64;297;3.88;58;0.76;146;1.91;150;;16.8;48;6.3;1.25;28.3;56;7.3;3718;1285;34.6;1489;40.0;509;13.69;331;8.90;104;2.80;2.06;653;17.56;344;9.25;309;8.31;126;3.39;332;6.1;232;100;11.8;162;4.4;68;10.4;38;30.2;1994;1.86;90.3;3497;1063;1.2;95.6;43.7;1;0.29;7;2.00;5311;252;432;4556;4176;595;687;630;2420;52.1;177;5.1;3.5;986;193;;;793;;;8.17;58.6
6;607;Esch/Auweiler;7.61;4.5;849;6460;6396;99.01;64;5741;6210;108.2;6623;115.4;6654;115.9;6443;112.2;6100;106.3;3286;50.9;2735;42.34;192;3.0;120;1.86;487;7.5;369;5.7;145;2.24;164;2.54;615;9.52;232;3.59;216;3.34;850;13.2;2532;39.2;382;5.91;801;12.40;303;4.69;220;3.41;43.8;43.2;44.3;43.9;41.1;1246;19.3;3110;48.1;2104;32.6;404;6.25;2422;37.5;3261;50.5;349;5.40;24;372;1333;20.6;300;26;255;396;474;387;6;38;3.3;8;0.12;25;0.39;180;2.79;4;0.06;70;1.08;31;0.48;2;0.03;166;2.57;130;2.01;8;0.12;225;3.48;233;3.61;-8;-0.12;338;5.23;206;3.19;132;2.04;110;1.70;172;;15.4;41;6.3;1.37;30.2;56;8.7;2894;926;32.0;1006;34.8;475;16.41;368;12.72;119;4.11;2.23;725;25.05;379;13.10;346;11.96;137;4.73;300;5.9;199;101;10.5;148;5.1;62;8.6;32;23.4;1841;1.57;92.8;2827;1024;4.8;97.2;42.5;70;24.76;50;17.69;4266;160;402;3637;3585;563;686;676;2181;52.5;130;4.2;2.4;256;256;;;;;;8.1;62.1
6;608;Volkhoven/Weiler;4.35;5.1;1383;6021;5977;99.27;44;2036;4671;229.4;5913;290.4;6019;295.6;6000;294.7;6100;299.6;3042;50.5;2385;39.61;611;10.1;171;2.84;280;4.7;186;3.1;192;3.19;188;3.12;706;11.73;296;4.92;332;5.51;1141;19.0;2243;37.3;291;4.83;411;6.83;128;2.13;93;1.54;36.9;36.3;37.4;36.8;37.1;716;11.9;2417;40.1;2888;48.0;352;5.85;2692;44.7;2754;45.7;216;3.59;7;116;3340;55.5;907;65.6;1170;933;1018;1148;19.1;170;12.3;18;0.30;50;0.83;292;4.85;4;0.07;123;2.04;88;1.46;3;0.05;775;12.87;672;11.16;13;0.22;165;2.74;194;3.22;-29;-0.48;333;5.53;341;5.66;-8;-0.13;92;1.53;187;;10.9;65;10.8;1.57;26.8;24;4;2322;586;25.2;698;30.1;441;18.99;386;16.62;211;9.09;2.59;799;34.41;384;16.54;415;17.87;191;8.23;944;17.7;616;328;29.2;367;15.8;211;26.4;100;52.4;826;2.81;75.7;2112;1099;34.4;85.8;30.1;13;6.16;22;10.42;3146;168;186;2760;2260;458;595;487;2013;47.5;254;8;7.4;1259;;;;1259;;;7.04;45.5
6;609;Chorweiler;1.92;31.4;6685;12825;12767;99.55;58;14721;15122;102.7;14848;100.9;13932;94.6;12869;87.4;11200;76.1;6800;53.0;5395;42.07;2476;19.3;452;3.52;712;5.6;620;4.8;447;3.49;486;3.79;1472;11.48;481;3.75;509;3.97;2319;18.1;4153;32.4;764;5.96;1244;9.70;409;3.19;541;4.22;39.9;38;41.6;38.9;41.7;1560;12.2;3449;26.9;7816;60.9;980;7.64;5444;42.4;5570;43.4;823;6.42;8;62;9769;76.2;2426;84.1;2882;2081;2409;4656;36.3;763;26.4;253;1.97;611;4.76;590;4.60;10;0.08;239;1.86;152;1.19;4;0.03;3170;24.72;1922;14.99;32;0.25;432;3.37;399;3.11;33;0.26;551;4.30;604;4.71;-53;-0.41;225;1.75;172;;10.6;137;10.7;1.62;24.8;172;13.4;4875;1239;25.4;1539;31.6;932;19.12;695;14.26;470;9.64;2.56;1584;32.49;709;14.54;875;17.95;483;9.91;4124;39;2761;1363;54.6;1791;36.7;827;52.2;382;79.1;477;10.22;35.8;5516;884;81.9;71.2;30.6;0;0.00;0;0.00;3297;119;111;3052;2903;238;307;292;3059;37;1052;16.9;13.7;2497;371;;;;1671;;5.77;29.3
6;610;Blumenberg;3.22;7.2;1795;5783;5746;99.36;37;462;2076;449.4;4996;1081.4;5869;1270.3;5836;1263.2;8800;1904.8;2888;49.9;2221;38.41;533;9.2;105;1.82;193;3.3;108;1.9;162;2.80;198;3.42;714;12.35;270;4.67;325;5.62;1235;21.4;2243;38.8;232;4.01;242;4.18;66;1.14;96;1.66;35.2;34.7;35.8;34.5;38.5;755;13.1;2053;35.5;2975;51.4;298;5.15;2593;44.8;2721;47.1;167;2.89;4;69;3744;64.7;937;69.7;1267;1043;1299;1101;19;122;9.1;31;0.54;50;0.86;286;4.95;30;0.52;89;1.54;99;1.71;16;0.28;730;12.62;641;11.08;4;0.07;141;2.44;166;2.87;-25;-0.43;215;3.72;259;4.48;-44;-0.76;75;1.30;148;;9.2;47;8.1;1.14;27.7;37;6.4;2062;441;21.4;562;27.3;434;21.05;399;19.35;226;10.96;2.76;785;38.07;369;17.90;416;20.17;115;5.58;448;8.4;280;168;15;187;9.1;94;12;56;48.7;898;2.30;86.4;1871;1102;22;89.7;29;0;0.00;0;0.00;2383;68;179;2117;2096;366;477;472;2231;52;148;4.6;3.9;247;247;;;;;;7.48;43.6
6;611;Roggendorf/Thenhoven;13.76;5.4;283;3897;3873;99.38;24;3494;3828;109.6;4014;114.9;4058;116.1;3917;112.1;3600;103.0;1980;50.8;1603;41.13;288;7.4;116;2.98;277;7.1;210;5.4;125;3.21;115;2.95;366;9.39;146;3.75;173;4.44;720;18.5;1485;38.1;231;5.93;312;8.01;110;2.82;114;2.93;40.1;39.2;41;40.3;38.8;522;13.4;1871;48.0;1504;38.6;222;5.70;1672;42.9;1789;45.9;206;5.29;8;205;1483;38.1;372;49.5;301;379;470;562;14.4;103;13.7;57;1.46;88;2.26;138;3.54;8;0.21;58;1.49;30;0.77;0;0.00;266;6.83;179;4.59;13;0.33;171;4.39;217;5.57;-46;-1.18;199;5.11;194;4.98;5;0.13;66;1.69;217;;12.2;41;10.5;1.88;26.8;25;6.4;1691;549;32.5;550;32.5;269;15.91;218;12.89;105;6.21;2.3;441;26.08;234;13.84;207;12.24;129;7.63;645;19.3;411;234;37.1;266;15.7;127;28.8;59;45.7;734;2.30;82.3;1625;1041;25.4;86;35.9;22;13.54;12;7.38;2018;57;180;1747;1720;448;555;547;1336;48.8;200;9.7;6.6;174;174;;;;;;6.68;45.9
6;612;Worringen;11.72;4.5;797;9344;9257;99.07;87;9543;9446;99.0;9421;98.7;9400;98.5;9198;96.4;9000;94.3;4758;50.9;3938;42.14;478;5.1;219;2.34;863;9.2;659;7.1;281;3.01;222;2.38;850;9.10;285;3.05;306;3.27;1523;16.3;3508;37.5;531;5.68;934;10.00;440;4.71;464;4.97;43.1;42.3;44;43.3;41.9;1387;14.8;5115;54.7;2842;30.4;674;7.21;3566;38.2;4415;47.2;676;7.23;13;139;2177;23.3;519;31.7;437;442;564;1031;11;114;7;20;0.21;35;0.37;613;6.56;107;1.15;322;3.45;63;0.67;9;0.10;346;3.70;258;2.76;17;0.18;389;4.16;351;3.76;38;0.41;369;3.95;266;2.85;103;1.10;402;4.30;190;;14.6;89;9.5;1.7;28.2;86;9.2;4481;1731;38.6;1470;32.8;685;15.29;419;9.35;176;3.93;2.08;1026;22.90;550;12.27;476;10.62;245;5.47;762;10.3;505;257;18.8;369;8.2;163;15.9;102;41.6;2086;2.15;77;4493;997;5.1;80;38.5;30;6.68;18;4.01;4974;158;497;4241;4144;454;550;538;3162;52.8;300;6.7;6.9;364;364;;;;;;8.08;50.4
7;701;Poll;5.17;12.4;2194;11336;11187;98.69;149;10728;11505;107.2;11052;103.0;10980;102.3;11211;104.5;11200;104.4;5810;51.3;4916;43.37;722;6.4;234;2.06;1291;11.4;905;8.0;340;3.00;314;2.77;892;7.87;318;2.81;367;3.24;1984;17.5;4198;37.0;618;5.45;1236;10.90;496;4.38;573;5.05;43.3;41.9;44.6;44.4;35.8;1882;16.6;5021;44.3;4433;39.1;886;7.82;4750;41.9;4863;42.9;785;6.92;52;459;3223;28.4;797;42.8;475;698;936;1459;12.9;296;15.9;74;0.65;142;1.25;518;4.57;33;0.29;186;1.64;94;0.83;9;0.08;696;6.14;276;2.43;29;0.26;462;4.08;439;3.87;23;0.20;558;4.92;490;4.32;68;0.60;250;2.21;194;;13.1;128;11.3;1.74;30.4;110;9.7;5581;2490;44.6;1714;30.7;707;12.67;486;8.71;184;3.30;1.96;1087;19.48;589;10.55;498;8.92;253;4.53;999;11.2;732;267;16.7;555;9.9;180;16.6;107;42.3;1841;3.03;70.4;5552;1005;8.6;76.1;37.3;7;1.26;8;1.44;6253;499;472;5182;4377;457;547;462;3756;51.9;450;8.3;4.5;678;477;;;;;201;8.94;56.2
7;702;Westhoven;4.21;27.5;1150;4847;4740;97.79;107;4579;5000;109.2;4820;105.3;4625;101.0;4797;104.8;4900;107.0;2351;48.5;2051;42.31;258;5.3;64;1.32;569;11.7;416;8.6;114;2.35;120;2.48;312;6.44;114;2.35;130;2.68;834;17.2;1904;39.3;338;6.97;602;12.42;184;3.80;195;4.02;44.8;43.6;46.1;45.3;40.6;956;19.7;1755;36.2;2136;44.1;447;9.22;1932;39.9;2180;45.0;270;5.57;18;371;1348;27.8;271;41.1;146;313;451;537;11.1;61;9.2;29;0.60;93;1.92;193;3.98;10;0.21;42;0.87;38;0.78;10;0.21;193;3.98;92;1.90;29;0.60;260;5.36;196;4.04;64;1.32;260;5.36;265;5.47;-5;-0.10;64;1.32;216;;12.2;30;6.2;1.05;29.1;28;5.8;2491;1171;47.0;783;31.4;267;10.72;203;8.15;67;2.69;1.89;395;15.86;199;7.99;196;7.87;75;3.01;371;9.9;260;111;19.4;191;7.7;59;14.9;24;32;722;3.45;63.6;2631;947;0;78.8;42.8;80;30.41;16;6.08;4706;287;185;4209;2229;868;1005;532;1651;52.1;170;7.2;6.3;;;;;;;;8.57;57.7
7;703;Ensen;1.62;10.1;4351;7044;6950;98.67;94;6197;6407;103.4;6449;104.1;6736;108.7;6927;111.8;6100;98.4;3610;51.2;3053;43.34;441;6.3;148;2.10;720;10.2;542;7.7;179;2.54;174;2.47;549;7.79;213;3.02;215;3.05;1097;15.6;2706;38.4;426;6.05;801;11.37;290;4.12;394;5.59;44.5;43.7;45.3;45.1;40.3;1265;18.0;2859;40.6;2920;41.5;623;8.84;2815;40.0;3112;44.2;477;6.77;17;241;2211;31.4;506;45.4;366;499;747;864;12.3;126;11.3;33;0.47;137;1.94;279;3.96;22;0.31;86;1.22;38;0.54;15;0.21;398;5.65;213;3.02;17;0.24;294;4.17;249;3.53;45;0.64;412;5.85;330;4.68;82;1.16;129;1.83;201;;12;56;8;1.39;28.3;88;12.5;3297;1353;41.0;1057;32.1;490;14.86;269;8.16;128;3.88;2.03;694;21.05;384;11.65;310;9.40;168;5.10;758;13.9;506;252;27.2;359;10.9;147;21.2;70;41.7;1170;2.82;70.2;3387;973;4.1;79;38;34;10.04;10;2.95;3619;128;301;3130;2890;444;528;487;2211;49.5;319;9.5;8.5;344;344;;;;;;8.63;52.9
7;704;Gremberghoven;6;3.4;479;2871;2847;99.16;24;3205;3134;97.8;2959;92.3;2988;93.2;2855;89.1;3000;93.6;1403;48.9;1093;38.07;526;18.3;82;2.86;216;7.5;173;6.0;107;3.73;110;3.83;305;10.62;107;3.73;117;4.08;541;18.8;952;33.2;138;4.81;262;9.13;108;3.76;124;4.32;39.3;38.6;40;40;38.1;327;11.4;740;25.8;1804;62.8;208;7.24;1245;43.4;1252;43.6;166;5.78;0;0;1731;60.3;511;81.2;807;99;432;1047;36.5;195;31;60;2.09;33;1.15;177;6.17;10;0.35;75;2.61;41;1.43;10;0.35;773;26.92;507;17.66;4;0.14;216;7.52;189;6.58;27;0.94;209;7.28;249;8.67;-40;-1.39;30;1.04;311;;12.2;35;12.2;1.83;24.3;16;5.6;1263;481;38.1;383;30.3;159;12.59;146;11.56;94;7.44;2.22;349;27.63;154;12.19;195;15.44;97;7.68;585;24.9;404;181;34.1;296;23.4;112;32.1;57;58.8;376;3.36;46;1304;969;0;65.3;29.7;4;3.07;4;3.07;2322;221;82;2010;831;700;897;371;772;42.6;246;18.1;15.9;167;167;;;;;;7.18;42.7
7;705;Eil;16.25;4.6;550;8941;8818;98.62;123;8131;8403;103.3;8839;108.7;8916;109.7;8815;108.4;8000;98.4;4647;52.0;3906;43.69;617;6.9;226;2.53;891;10.0;678;7.6;251;2.81;247;2.76;697;7.80;263;2.94;276;3.09;1587;17.7;3255;36.4;584;6.53;1020;11.41;374;4.18;387;4.33;43.5;42.7;44.2;44.4;37.6;1616;18.1;3540;39.6;3785;42.3;722;8.08;3395;38.0;4224;47.2;585;6.54;15;168;3181;35.6;795;54.5;708;728;1063;1184;13.2;168;11.5;55;0.62;107;1.20;425;4.75;37;0.41;108;1.21;88;0.98;10;0.11;573;6.41;390;4.36;24;0.27;393;4.40;351;3.93;42;0.47;514;5.75;469;5.25;45;0.50;144;1.61;209;;13;88;9.8;1.61;26.1;66;7.4;4337;1669;38.5;1484;34.2;664;15.31;357;8.23;163;3.76;2.06;916;21.12;521;12.01;395;9.11;250;5.76;1232;17.5;848;384;30.7;559;12.9;250;27.3;122;48.8;1526;2.84;74.9;4163;1042;1.1;82.6;38.5;1;0.24;1;0.24;5762;441;350;4910;4029;549;656;538;3056;52.9;454;10.5;7.1;507;156;351;;;;;7.31;51.7
7;706;Porz;3.12;6.2;4588;14304;14109;98.64;195;11401;12442;109.1;13319;116.8;13092;114.8;13989;122.7;14100;123.7;7483;52.3;6246;43.67;1420;9.9;299;2.09;1456;10.2;1058;7.4;402;2.81;436;3.05;1185;8.28;400;2.80;482;3.37;2798;19.6;5169;36.1;716;5.01;1380;9.65;551;3.85;785;5.49;42.3;40.8;43.7;42.8;40.5;2419;16.9;4679;32.7;7206;50.4;1261;8.82;5876;41.1;6084;42.5;1038;7.26;45;315;6894;48.2;1609;66.4;1563;1257;2421;2804;19.6;344;14.2;122;0.85;318;2.22;925;6.47;252;1.76;233;1.63;129;0.90;15;0.10;1387;9.70;894;6.25;52;0.36;750;5.24;614;4.29;136;0.95;941;6.58;755;5.28;186;1.30;277;1.94;233;;9.9;133;9.3;1.29;29.2;159;11.1;6689;2791;41.7;2028;30.3;915;13.68;653;9.76;302;4.51;2.07;1456;21.77;761;11.38;695;10.39;339;5.07;2085;18.3;1463;622;29.6;1019;15.2;377;25.9;177;52.2;1533;4.36;59.9;6724;995;10.8;73.1;34.4;123;18.29;57;8.48;5728;185;346;5132;4878;359;432;411;4403;48;764;11.1;7.3;2529;693;;689;1147;;;8.55;45.6
7;707;Urbach;2.29;9.7;5206;11932;11813;99.00;119;11935;11948;100.1;12343;103.4;12093;101.3;12164;101.9;11000;92.2;6161;51.6;5262;44.10;857;7.2;286;2.40;1304;10.9;1065;8.9;316;2.65;291;2.44;943;7.90;336;2.82;362;3.03;2026;17.0;4228;35.4;752;6.30;1471;12.33;570;4.78;637;5.34;44.5;43.1;45.9;45.4;39.4;2278;19.1;4589;38.5;5065;42.4;1075;9.01;4451;37.3;5523;46.3;864;7.24;19;159;4376;36.7;998;52.9;837;1027;1434;1681;14.1;234;12.4;54;0.45;182;1.53;647;5.42;185;1.55;199;1.67;106;0.89;10;0.08;770;6.45;505;4.23;28;0.23;336;2.82;357;2.99;-21;-0.18;521;4.37;515;4.32;6;0.05;178;1.49;160;;13.5;92;7.7;1.3;27.9;100;8.4;5896;2438;41.4;1925;32.6;795;13.48;521;8.84;217;3.68;2.02;1212;20.56;691;11.72;521;8.84;322;5.46;1450;15.9;996;454;28.5;683;11.6;296;24.4;142;44.1;1670;3.53;68.9;6183;954;2.3;74.4;38.5;18;2.91;1;0.16;5757;157;419;5126;5003;430;510;498;4050;52.7;586;10.2;5.1;405;405;;;;;;7.47;48.4
7;708;Elsdorf;1.77;3.5;888;1569;1552;98.92;17;1159;1201;103.6;1180;101.8;1165;100.5;1524;131.5;1700;146.7;843;53.7;681;43.40;74;4.7;30;1.91;156;9.9;130;8.3;41;2.61;52;3.31;159;10.13;37;2.36;49;3.12;201;12.8;568;36.2;76;4.84;170;10.83;68;4.33;148;9.43;44.9;43.3;46.3;45.3;42;288;18.4;717;45.7;564;35.9;146;9.31;561;35.8;706;45.0;156;9.94;0;0;461;29.4;119;41.2;70;113;168;155;9.9;18;6.2;2;0.13;9;0.57;81;5.16;13;0.83;32;2.04;13;0.83;2;0.13;59;3.76;37;2.36;4;0.25;49;3.12;41;2.61;8;0.51;113;7.20;47;3.00;66;4.21;15;0.96;169;;10.6;14;8.9;1.47;30.3;42;26.8;722;293;40.6;220;30.5;101;13.99;82;11.36;26;3.60;2.08;185;25.62;102;14.13;83;11.50;37;5.12;66;5.7;49;17;6.3;37;5.1;14;7.6;10;27;308;2.34;82.1;757;954;15.3;89.8;43.3;2;2.64;12;15.85;807;29;66;698;686;445;545;536;490;55.7;30;4.5;4.8;;;;;;;;7.33;51.3
7;709;Grengel;10.66;0.9;502;5345;5257;98.35;88;5343;5464;102.3;5554;103.9;5398;101.0;5246;98.2;4700;88.0;2674;50.0;2280;42.66;339;6.3;118;2.21;520;9.7;392;7.3;127;2.38;125;2.34;408;7.63;165;3.09;174;3.26;881;16.5;2062;38.6;351;6.57;593;11.09;227;4.25;232;4.34;44;42.9;45.2;44.5;40.7;1113;20.8;2068;38.7;2164;40.5;476;8.91;2010;37.6;2505;46.9;346;6.47;8;150;1791;33.5;401;48.6;367;393;620;681;12.7;78;9.5;24;0.45;54;1.01;290;5.43;74;1.38;90;1.68;39;0.73;3;0.06;300;5.61;225;4.21;13;0.24;212;3.97;173;3.24;39;0.73;270;5.05;208;3.89;62;1.16;70;1.31;175;;14.7;37;6.9;1.27;29.1;47;8.8;2617;1057;40.4;840;32.1;402;15.36;223;8.52;95;3.63;2.04;545;20.83;333;12.72;212;8.10;137;5.24;662;15.7;473;189;27.3;339;13;133;24.4;69;50.4;970;2.70;73.6;2588;1011;2.7;77.5;37.5;6;2.32;1;0.39;3296;193;246;2782;2412;520;615;534;1688;48.9;262;10.1;8;413;272;;;;;141;7.42;45.7
7;710;Wahnheide;2.88;4.4;2651;7625;7449;97.69;176;7715;7905;102.5;7927;102.7;7923;102.7;7622;98.8;6900;89.4;3765;49.4;3263;42.79;415;5.4;166;2.18;927;12.2;679;8.9;176;2.31;162;2.12;548;7.19;217;2.85;241;3.16;1450;19.0;2948;38.7;485;6.36;859;11.27;273;3.58;266;3.49;43.4;42.2;44.6;43.8;39.8;1663;21.8;2925;38.4;3037;39.8;789;10.35;3014;39.5;3360;44.1;449;5.89;13;170;2032;26.6;460;41.7;340;400;671;849;11.1;90;8.2;46;0.60;76;1.00;423;5.55;70;0.92;147;1.93;58;0.76;17;0.22;279;3.66;175;2.30;25;0.33;435;5.70;440;5.77;-5;-0.07;379;4.97;397;5.21;-18;-0.24;165;2.16;238;;12.4;58;7.6;1.22;28;61;8;4095;1996;48.7;1224;29.9;476;11.62;299;7.30;100;2.44;1.86;704;17.19;403;9.84;301;7.35;188;4.59;815;13.5;600;215;23.8;464;11.3;137;19.5;74;39.4;1316;3.11;65.3;3801;1077;0.5;75.9;37.8;3;0.79;12;3.16;4221;98;320;3765;3670;494;577;563;2763;53.9;412;10.7;9.4;411;272;;;;;139;7.86;49.8
7;711;Wahn;2.26;9.2;2765;6255;6177;98.75;78;4883;4770;97.7;6047;123.8;6216;127.3;6202;127.0;6800;139.3;3212;51.4;2609;41.71;368;5.9;164;2.62;466;7.5;339;5.4;173;2.77;177;2.83;647;10.34;241;3.85;211;3.37;998;16.0;2425;38.8;340;5.44;594;9.50;200;3.20;249;3.98;41.4;40.4;42.2;42;36.5;1143;18.3;2634;42.1;2478;39.6;461;7.37;2501;40.0;2917;46.6;364;5.82;12;192;1942;31;560;45.2;397;437;661;713;11.4;132;10.7;55;0.88;95;1.52;235;3.76;18;0.29;85;1.36;39;0.62;4;0.06;311;4.97;192;3.07;17;0.27;267;4.27;269;4.30;-2;-0.03;413;6.60;288;4.60;125;2.00;101;1.61;214;;11.8;54;8.6;1.47;31;53;8.5;2804;976;34.8;929;33.1;433;15.44;344;12.27;122;4.35;2.2;773;27.57;420;14.98;353;12.59;182;6.49;722;14.1;476;246;23.9;327;11.7;155;20.1;84;46.2;1283;2.19;80.7;2770;1012;7;88;39;18;6.50;9;3.25;3543;174;241;3100;2841;496;618;566;2122;52.2;290;9.5;3.3;;;;;;;;8.21;52.9
7;712;Lind;2.24;7.5;1523;3416;3335;97.63;81;3487;3581;102.7;3546;101.7;3490;100.1;3413;97.9;3200;91.8;1659;48.6;1430;41.86;157;4.6;80;2.34;315;9.2;249;7.3;71;2.08;83;2.43;242;7.08;102;2.99;85;2.49;592;17.3;1356;39.7;260;7.61;418;12.24;114;3.34;93;2.72;44.1;42.9;45.3;44.5;40.7;683;20.0;1459;42.7;1274;37.3;300;8.78;1278;37.4;1634;47.8;191;5.59;13;381;774;22.7;169;33.9;116;160;218;352;10.3;37;7.4;14;0.41;17;0.50;177;5.18;26;0.76;32;0.94;37;1.08;3;0.09;122;3.57;62;1.81;22;0.64;227;6.65;207;6.06;20;0.59;237;6.94;231;6.76;6;0.18;43;1.26;277;;13.9;19;5.6;1.11;28.1;21;6.1;1740;729;41.9;594;34.1;249;14.31;126;7.24;42;2.41;1.96;320;18.39;193;11.09;127;7.30;91;5.23;344;12.7;265;79;19.7;216;12.4;50;15.6;28;30.8;764;2.28;78.5;1636;1064;0.7;83.3;39.9;5;3.06;1;0.61;2295;172;209;1881;1711;551;645;586;1214;53;171;9.9;8.7;;;;;;;;7.92;53.7
7;713;Libur;6.38;10;168;1074;1065;99.16;9;687;707;102.9;792;115.3;879;127.9;1094;159.2;900;131.0;510;47.5;414;38.55;19;1.8;22;2.05;52;4.8;42;3.9;22;2.05;42;3.91;120;11.17;43;4.00;42;3.91;168;15.6;454;42.3;49;4.56;79;7.36;34;3.17;21;1.96;39.2;37.7;40.9;38.9;45.2;197;18.3;575;53.5;302;28.1;66;6.15;441;41.1;526;49.0;41;3.82;0;0;186;17.3;50;22;12;69;63;46;4.3;4;1.8;0;0.00;2;0.19;17;1.58;5;0.47;2;0.19;3;0.28;0;0.00;18;1.68;9;0.84;9;0.84;35;3.26;50;4.66;-15;-1.40;30;2.79;34;3.17;-4;-0.37;19;1.77;156;;12.9;4;3.7;1.12;33;6;5.6;447;129;28.9;134;30.0;84;18.79;76;17.00;24;5.37;2.4;149;33.33;84;18.79;65;14.54;25;5.59;43;4.6;30;13;7.1;19;4.3;10;6.7;3;12;333;1.34;91.9;464;963;0;107.7;46.5;9;19.40;7;15.09;689;25;70;557;553;519;658;653;415;55.3;14;2.5;3.2;1722;353;;685;684;;;5.02;60
7;714;Zündorf;8.12;6.9;1474;11968;11806;98.65;162;10855;12478;115.0;12206;112.4;12152;111.9;11955;110.1;14500;133.6;6254;52.3;5272;44.05;578;4.8;261;2.18;1119;9.3;869;7.3;265;2.21;326;2.72;988;8.26;399;3.33;370;3.09;1694;14.2;4522;37.8;861;7.19;1600;13.37;498;4.16;445;3.72;44.5;43.6;45.4;44.9;40.9;2290;19.1;5012;41.9;4666;39.0;910;7.60;4420;36.9;5890;49.2;731;6.11;17;142;3195;26.7;773;39.1;622;679;1241;1110;9.3;164;8.3;47;0.39;95;0.79;486;4.06;107;0.89;112;0.94;74;0.62;13;0.11;462;3.86;328;2.74;20;0.17;339;2.83;392;3.28;-53;-0.44;429;3.58;374;3.13;55;0.46;230;1.92;147;;13.7;95;7.9;1.52;28.7;89;7.4;5625;2022;35.9;1984;35.3;854;15.18;564;10.03;201;3.57;2.11;1209;21.49;628;11.16;581;10.33;293;5.21;955;10.3;622;333;19.9;420;7.5;198;16.4;117;39.9;2531;2.22;81.4;5487;1025;6.3;89.6;41.1;41;7.47;11;2.00;6560;230;478;5782;5684;483;579;569;3930;50.5;351;6;4.6;2310;490;289;456;1075;;;8.2;60.6
7;715;Langel;5.33;2.2;599;3192;3158;98.93;34;2779;3114;112.1;3268;117.6;3242;116.7;3196;115.0;3900;140.3;1609;50.4;1352;42.36;56;1.8;64;2.01;255;8.0;184;5.8;68;2.13;75;2.35;274;8.58;111;3.48;136;4.26;407;12.8;1324;41.5;251;7.86;335;10.49;116;3.63;95;2.98;43.6;43.3;44;43.5;45.7;652;20.4;1609;50.4;931;29.2;223;6.99;1167;36.6;1634;51.2;166;5.20;2;63;401;12.6;60;11.4;54;128;129;131;4.1;9;1.7;0;0.00;9;0.28;75;2.35;9;0.28;22;0.69;8;0.25;2;0.06;45;1.41;33;1.03;2;0.06;98;3.07;110;3.45;-12;-0.38;119;3.73;104;3.26;15;0.47;51;1.60;151;;14.5;12;3.8;0.84;33.9;28;8.8;1475;490;33.2;524;35.5;251;17.02;166;11.25;44;2.98;2.16;336;22.78;180;12.20;156;10.58;76;5.15;168;6.4;113;55;12;88;6;32;9.5;21;27.6;926;1.59;89.8;1423;1037;0.4;99.3;44.3;8;5.62;6;4.22;2107;55;229;1759;1728;551;660;649;1127;51.4;77;4.7;5.2;103;103;;;;;;7.24;60.9
7;716;Finkenberg;0.64;14.1;10360;6605;6567;99.42;38;7611;7374;96.9;7146;93.9;6752;88.7;6459;84.9;5900;77.5;3427;51.9;2722;41.21;1287;19.5;145;2.20;374;5.7;326;4.9;222;3.36;216;3.27;754;11.42;269;4.07;269;4.07;1098;16.6;2038;30.9;408;6.18;718;10.87;292;4.42;321;4.86;41.1;39.3;42.9;43.6;37.2;876;13.3;1491;22.6;4238;64.2;389;5.89;2702;40.9;3069;46.5;439;6.65;6;91;5152;78;1318;90.2;779;1098;1349;2496;37.8;622;42.6;86;1.30;798;12.08;318;4.81;15;0.23;108;1.64;85;1.29;0;0.00;1282;19.41;497;7.52;12;0.18;327;4.95;167;2.53;160;2.42;299;4.53;340;5.15;-41;-0.62;157;2.38;195;;10.8;74;11.2;1.98;25.8;73;11.1;2521;639;25.3;847;33.6;435;17.26;309;12.26;291;11.54;2.58;724;28.72;305;12.10;419;16.62;156;6.19;2179;41.6;1444;735;59.4;847;33.6;392;54.1;121;77.6;345;7.31;72.8;2676;942;32.6;75.5;30.6;0;0.00;0;0.00;2414;48;75;2280;1783;345;443;347;1528;38.2;644;21.5;14.3;1763;269;;;;1256;238;7.61;38.4
8;801;Humboldt/Gremberg;2.82;10.9;5402;15238;15043;98.72;195;14689;14682;100.0;14758;100.5;15019;102.2;15054;102.5;12900;87.8;7541;49.5;6341;41.61;2249;14.8;369;2.42;1923;12.6;1180;7.7;501;3.29;434;2.85;1167;7.66;387;2.54;520;3.41;3987;26.2;5081;33.3;719;4.72;1348;8.85;539;3.54;555;3.64;39.9;39;40.8;40.8;37.7;1817;11.9;5431;35.6;7990;52.4;1283;8.42;7109;46.7;5924;38.9;890;5.84;32;210;8189;53.7;1904;76.5;2409;877;2057;4665;30.6;615;24.7;338;2.22;528;3.47;1442;9.46;51;0.33;733;4.81;227;1.49;52;0.34;2285;15.00;1622;10.64;72;0.47;1145;7.51;803;5.27;342;2.24;792;5.20;1037;6.81;-245;-1.61;336;2.21;270;;11.3;176;11.6;1.41;26.9;118;7.7;7971;4119;51.7;2066;25.9;892;11.19;572;7.18;322;4.04;1.88;1494;18.74;794;9.96;700;8.78;411;5.16;3196;25.4;2259;937;43.3;1648;20.7;589;39.4;278;67.6;1081;7.37;16.6;7661;1040;12.8;60.1;30.2;1;0.13;0;0.00;4823;207;280;4295;4075;282;337;320;4804;46.9;1225;15.9;7.8;505;505;;;;;;8.33;41.7
8;802;Kalk;2.97;5.1;7347;21798;21410;98.22;388;21598;21396;99.1;20436;94.6;21134;97.9;21591;100.0;22400;103.7;10657;48.9;8887;40.77;3840;17.6;564;2.59;2831;13.0;1447;6.6;681;3.12;678;3.11;1665;7.64;546;2.50;763;3.50;6223;28.5;7364;33.8;995;4.56;1621;7.44;565;2.59;697;3.20;38.5;38.1;39;38.6;38.4;2553;11.7;6965;32.0;12280;56.3;1940;8.90;11160;51.2;7493;34.4;1143;5.24;62;284;12474;57.2;2912;81.6;4090;813;2873;7951;36.5;1126;31.5;579;2.66;730;3.35;2590;11.88;86;0.39;1221;5.60;280;1.28;100;0.46;3931;18.03;2894;13.28;121;0.56;2200;10.09;1854;8.51;346;1.59;1536;7.05;1627;7.46;-91;-0.42;740;3.39;365;;9;256;11.7;1.33;27.2;204;9.4;11862;6650;56.1;2779;23.4;1113;9.38;853;7.19;467;3.94;1.81;2092;17.64;1062;8.95;1030;8.68;623;5.25;4953;26.7;3641;1312;41.7;2797;23.6;836;40;410;65.8;1535;7.73;10.7;11137;1065;12.2;58.1;29.7;38;3.41;46;4.13;6044;381;379;5235;4774;240;287;262;6463;42.3;1937;16.9;11.1;2429;556;589;;950;;334;8.1;39.3
8;803;Vingst;1.12;14.9;11169;12556;12459;99.23;97;12422;12289;98.9;11187;90.1;10766;86.7;12284;98.9;9700;78.1;6573;52.3;5175;41.22;1922;15.3;421;3.35;948;7.6;685;5.5;512;4.08;520;4.14;1350;10.75;421;3.35;446;3.55;2623;20.9;4045;32.2;607;4.83;1005;8.00;438;3.49;589;4.69;38.9;37.8;40;39.6;37.3;1456;11.6;4045;32.2;7055;56.2;966;7.69;5549;44.2;5161;41.1;859;6.84;21;167;7160;57;2090;74.6;2946;840;1887;3795;30.2;646;23;224;1.78;260;2.07;733;5.84;30;0.24;361;2.88;135;1.08;27;0.22;2540;20.23;1954;15.56;38;0.30;481;3.83;482;3.84;-1;-0.01;767;6.11;572;4.56;195;1.55;260;2.07;204;;8.4;168;13.4;1.76;26.4;122;9.7;5327;1879;35.3;1588;29.8;850;15.96;612;11.49;398;7.47;2.29;1592;29.89;780;14.64;812;15.24;457;8.58;3263;31.3;2145;1118;44.9;1456;27.3;696;43.7;326;71.3;960;5.55;32.1;5994;889;26.4;64.7;30.9;0;0.00;0;0.00;3618;132;242;3214;3173;256;330;325;3341;42.5;1032;17.5;14.9;763;763;;;;;;7.5;37.5
8;804;Höhenberg;2.19;32.2;5583;12252;12079;98.59;173;12721;12626;99.3;12371;97.2;11981;94.2;12053;94.7;11200;88.0;6097;49.8;5104;41.66;1853;15.1;278;2.27;1562;12.7;1003;8.2;383;3.13;392;3.20;938;7.66;275;2.24;434;3.54;3049;24.9;4093;33.4;717;5.85;1116;9.11;406;3.31;449;3.66;40.3;39.7;41.1;41.5;37.8;1591;13.0;3994;32.6;6667;54.4;1178;9.61;5598;45.7;4722;38.5;725;5.92;29;237;6409;52.3;1468;73.8;2390;559;1556;3850;31.4;529;26.6;218;1.78;370;3.02;1161;9.48;69;0.56;518;4.23;166;1.35;69;0.56;2040;16.65;1613;13.17;61;0.50;847;6.91;747;6.10;100;0.82;902;7.36;884;7.22;18;0.15;233;1.90;295;;9.9;153;12.5;1.53;27.6;114;9.3;6455;3340;51.7;1719;26.6;650;10.07;485;7.51;261;4.04;1.87;1194;18.50;649;10.05;545;8.44;309;4.79;2460;24.3;1791;669;38.1;1364;21.1;432;36.2;205;66.3;975;6.62;26.5;6474;997;7.4;59.5;31.4;2;0.31;30;4.63;3948;224;259;3439;3330;281;335;324;3776;46;928;15.1;9.3;1592;192;427;;;973;;8.67;39.9
8;805;Ostheim;3.74;21.8;2986;11183;11098;99.24;85;10800;10606;98.2;10510;97.3;10833;100.3;10969;101.6;13500;125.0;5743;51.4;4547;40.66;1676;15.0;293;2.62;867;7.8;640;5.7;417;3.73;413;3.69;1187;10.61;373;3.34;411;3.68;2164;19.4;3805;34.0;597;5.34;1037;9.27;339;3.03;440;3.93;39.5;38.9;40.1;40.6;36.8;1358;12.1;3483;31.1;6342;56.7;856;7.65;4908;43.9;4785;42.8;604;5.40;30;268;6381;57.1;1749;73.2;1986;877;1836;3239;29;600;25.1;189;1.69;608;5.44;536;4.79;17;0.15;193;1.73;132;1.18;12;0.11;1850;16.54;1268;11.34;56;0.50;540;4.83;491;4.39;49;0.44;686;6.13;551;4.93;135;1.21;281;2.51;228;;10.6;124;11.1;1.58;26.8;97;8.7;4863;1748;35.9;1404;28.9;778;16.00;553;11.37;380;7.81;2.3;1320;27.14;610;12.54;710;14.60;320;6.58;3015;32.5;1973;1042;49.8;1310;26.9;597;45.2;237;74.1;1416;3.43;68.6;5059;961;31.4;72.9;33;12;2.37;91;17.99;4056;188;233;3595;3385;321;409;385;3046;42.8;909;17;12.9;1821;396;;578;847;;;8.3;44.5
8;806;Merheim;3.8;7.8;2682;10205;10092;98.89;113;7512;7474;99.5;7504;99.9;8067;107.4;9927;132.1;8300;110.5;5232;51.3;4198;41.14;842;8.3;223;2.19;866;8.5;611;6.0;377;3.69;377;3.69;1041;10.20;328;3.21;335;3.28;1921;18.8;3647;35.7;470;4.61;984;9.64;370;3.63;355;3.48;39.8;38.9;40.6;40.2;37.3;1719;16.8;3829;37.5;4657;45.6;674;6.60;4344;42.6;4630;45.4;534;5.23;23;225;3973;38.9;1139;53.7;911;748;1293;1640;16.1;262;12.3;132;1.29;223;2.19;377;3.69;34;0.33;148;1.45;66;0.65;6;0.06;881;8.63;470;4.61;27;0.26;431;4.22;359;3.52;72;0.71;726;7.11;429;4.20;297;2.91;163;1.60;207;;10.8;120;11.8;1.66;28.7;52;5.1;4503;1607;35.7;1399;31.1;678;15.06;575;12.77;244;5.42;2.23;1243;27.60;584;12.97;659;14.63;250;5.55;1035;12.3;701;334;18;473;10.5;221;17.8;100;40;1804;2.50;75.6;4850;928;7;81.9;38.9;38;7.84;109;22.47;4648;198;295;4093;3933;401;506;487;3162;48.9;370;7.6;6;415;415;;;;;;8.01;53.7
8;807;Brück;7.5;9;1322;9914;9781;98.66;133;9082;9146;100.7;9742;107.3;9565;105.3;9764;107.5;9500;104.6;5294;53.4;4477;45.16;374;3.8;180;1.82;1152;11.6;907;9.1;234;2.36;286;2.88;830;8.37;266;2.68;305;3.08;1337;13.5;3742;37.7;597;6.02;1173;11.83;441;4.45;703;7.09;45.5;43.7;47.1;45.9;40.9;2076;20.9;4498;45.4;3340;33.7;808;8.15;3791;38.2;4531;45.7;758;7.65;26;262;1869;18.9;413;25.6;271;460;630;695;7;78;4.8;49;0.49;63;0.64;286;2.88;18;0.18;62;0.63;71;0.72;12;0.12;262;2.64;147;1.48;35;0.35;395;3.98;328;3.31;67;0.68;487;4.91;346;3.49;141;1.42;202;2.04;177;;13.4;68;6.9;1.25;30.9;132;13.3;4784;1988;41.6;1518;31.7;663;13.86;453;9.47;162;3.39;2.02;969;20.26;488;10.20;481;10.05;204;4.26;495;6.6;361;134;9.2;292;6.1;78;8;39;19.1;2100;2.28;77.5;4890;978;4.1;87.2;43;19;3.89;18;3.68;5530;232;504;4735;4539;478;571;547;2994;49.6;243;5.4;5.7;903;388;;515;;;;10.04;62.1
8;808;Rath/Heumar;12.91;1.4;866;11178;11022;98.60;156;10386;10706;103.1;10808;104.1;11016;106.1;11010;106.0;10600;102.1;5796;51.9;4959;44.36;403;3.6;176;1.57;1235;11.0;943;8.4;273;2.44;272;2.43;847;7.58;298;2.67;305;2.73;1671;14.9;4249;38.0;661;5.91;1439;12.87;528;4.72;635;5.68;45.4;44.3;46.4;45.8;40.7;2070;18.5;5210;46.6;3898;34.9;861;7.70;4130;36.9;5417;48.5;754;6.75;16;143;2004;17.9;431;25.5;295;425;668;804;7.2;88;5.2;30;0.27;81;0.72;351;3.14;40;0.36;91;0.81;83;0.74;7;0.06;312;2.79;168;1.50;30;0.27;477;4.27;446;3.99;31;0.28;495;4.43;357;3.19;138;1.23;299;2.67;186;;14.1;101;9;1.56;30.4;98;8.8;5551;2230;40.2;1920;34.6;720;12.97;505;9.10;176;3.17;2.01;1081;19.47;598;10.77;483;8.70;203;3.66;498;5.9;370;128;8.7;291;5.2;83;7.7;41;20.2;2739;2.03;79.1;5617;988;2.6;89.5;45;35;6.23;43;7.66;6840;359;483;5915;5582;529;623;588;3717;53.9;239;4.6;5.1;377;377;;;;;;8.49;63
8;809;Neubrück;1.1;9.7;7942;8717;8662;99.37;55;9559;9260;96.9;9061;94.8;8813;92.2;8622;90.2;7800;81.6;4569;52.4;3762;43.16;947;10.9;218;2.50;702;8.1;608;7.0;254;2.91;289;3.32;871;9.99;286;3.28;333;3.82;1324;15.2;2703;31.0;445;5.10;1011;11.60;493;5.66;708;8.12;44.3;41.8;46.6;46.5;36.4;1515;17.4;3258;37.4;3944;45.2;621;7.12;3340;38.3;3941;45.2;799;9.17;16;184;4567;52.4;1208;71.1;962;1171;1214;1891;21.7;376;22.1;175;2.01;322;3.69;291;3.34;8;0.09;112;1.28;64;0.73;14;0.16;1082;12.41;606;6.95;21;0.24;329;3.77;232;2.66;97;1.11;440;5.05;374;4.29;66;0.76;150;1.72;175;;13.1;78;8.9;1.67;25.9;147;16.9;3681;1249;33.9;1201;32.6;518;14.07;470;12.77;243;6.60;2.28;946;25.70;412;11.19;534;14.51;228;6.19;1869;29;1213;656;45.1;776;21.1;387;40.9;153;67.1;904;4.07;75.6;3779;974;14.1;77.6;33.7;0;0.00;0;0.00;3169;141;141;2868;2824;329;409;402;2188;44.2;545;14.7;8.8;782;394;388;;;;;7.19;49.3
9;901;Mülheim;7.07;9;5869;41475;40790;98.35;685;41486;41248;99.4;40321;97.2;40728;98.2;41423;99.8;40100;96.7;20236;48.8;17047;41.10;5885;14.2;990;2.39;5296;12.8;3140;7.6;1286;3.10;1188;2.86;3111;7.50;1010;2.44;1345;3.24;10499;25.3;14788;35.7;1977;4.77;3479;8.39;1165;2.81;1627;3.92;40;39.2;40.9;40.8;38.4;5074;12.2;13415;32.3;22986;55.4;3794;9.15;20471;49.4;14798;35.7;2266;5.46;146;352;20336;49;4569;69.3;7597;1556;4832;12624;30.4;1654;25.1;822;1.98;968;2.33;3358;8.10;194;0.47;847;2.04;576;1.39;115;0.28;7236;17.45;5512;13.29;240;0.58;3349;8.07;3083;7.43;266;0.64;2270;5.47;2659;6.41;-389;-0.94;1294;3.12;305;;10.3;420;10.1;1.24;29.2;414;10;22201;12019;54.1;5479;24.7;2335;10.52;1499;6.75;869;3.91;1.83;3913;17.63;2065;9.30;1848;8.32;1108;4.99;8195;23.7;6038;2157;36.8;4556;20.5;1356;34.7;661;59.7;3299;6.73;31;21680;1024;9.3;62;32.4;64;2.95;83;3.83;14131;972;914;12056;10719;291;346;307;13000;45.2;3033;14.1;10.4;6310;1328;906;1492;2321;;192;8.73;46.1
9;902;Buchforst;0.83;11.4;8810;7318;7224;98.72;94;7321;7480;102.2;7161;97.8;7080;96.7;7291;99.6;6600;90.2;3741;51.1;3174;43.37;958;13.1;217;2.97;999;13.7;673;9.2;237;3.24;205;2.80;620;8.47;178;2.43;242;3.31;1727;23.6;2496;34.1;366;5.00;661;9.03;261;3.57;325;4.44;40.7;38.8;42.5;41.2;39.1;893;12.2;2455;33.5;3970;54.2;710;9.70;3240;44.3;2849;38.9;496;6.78;23;314;3649;49.9;874;70.5;1331;411;1028;1936;26.5;227;18.3;136;1.86;138;1.89;463;6.33;37;0.51;230;3.14;66;0.90;7;0.10;1169;15.97;895;12.23;30;0.41;295;4.03;277;3.79;18;0.25;444;6.07;450;6.15;-6;-0.08;157;2.15;222;;10.5;87;11.9;1.47;27.6;81;11.1;3821;1922;50.3;1031;27.0;444;11.62;276;7.22;148;3.87;1.89;752;19.68;421;11.02;331;8.66;233;6.10;1540;25.8;1086;454;41.2;783;20.5;290;38.6;148;63.5;583;6.55;30.7;3911;977;10.8;60.6;32.4;0;0.00;0;0.00;2259;68;166;2006;1971;274;330;324;2373;48.1;552;14.9;12.3;232;232;;;;;;7.34;40.9
9;903;Buchheim;2.85;17.1;4437;12668;12508;98.74;160;13002;12692;97.6;12308;94.7;12163;93.5;12416;95.5;11400;87.7;6339;50.0;5191;40.98;1553;12.3;309;2.44;1333;10.5;911;7.2;423;3.34;404;3.19;1172;9.25;371;2.93;417;3.29;2761;21.8;4427;34.9;638;5.04;1130;8.92;452;3.57;473;3.73;40.1;39.3;40.9;41;37.6;1633;12.9;4183;33.0;6852;54.1;1147;9.05;5606;44.3;5224;41.2;665;5.25;26;205;6133;48.4;1613;68.1;2435;677;1775;3191;25.2;459;19.4;184;1.45;383;3.02;652;5.15;55;0.43;200;1.58;133;1.05;17;0.13;1921;15.16;1578;12.46;51;0.40;813;6.42;714;5.64;99;0.78;856;6.76;734;5.79;122;0.96;349;2.75;274;;11.1;122;9.6;1.25;28.1;110;8.7;6246;2822;45.2;1777;28.5;762;12.20;582;9.32;303;4.85;2.02;1383;22.14;688;11.02;695;11.13;348;5.57;2504;24;1771;733;35.3;1285;20.6;440;31.8;203;58.3;1193;5.24;43;6136;1018;14.7;67.8;32.8;98;15.97;5;0.81;4603;251;273;4036;3733;319;392;362;3830;46.7;828;13.4;10.7;2156;678;;;1407;;;8.08;46
9;904;Holweide;4.11;12.6;5069;20836;20541;98.58;295;18718;18510;98.9;20742;110.8;20489;109.5;20801;111.1;19600;104.7;10719;51.4;8895;42.69;1715;8.2;636;3.05;2279;10.9;1538;7.4;605;2.90;630;3.02;1860;8.93;669;3.21;712;3.42;4176;20.0;7746;37.2;1071;5.14;1791;8.60;749;3.59;827;3.97;41;40;41.8;41.5;38.4;3318;15.9;8235;39.5;9283;44.6;1753;8.41;9102;43.7;8791;42.2;1146;5.50;44;211;7516;36.1;1909;50.7;2337;1172;2366;3427;16.4;479;12.7;179;0.86;295;1.42;961;4.61;83;0.40;262;1.26;224;1.08;47;0.23;1922;9.22;1434;6.88;70;0.34;967;4.64;936;4.49;31;0.15;940;4.51;1026;4.92;-86;-0.41;523;2.51;211;;11.9;217;10.4;1.47;28.6;144;6.9;10334;4494;43.5;3143;30.4;1343;13.00;959;9.28;395;3.82;2.01;2361;22.85;1301;12.59;1060;10.26;711;6.88;3231;18.8;2234;997;30.5;1635;15.8;659;27.9;362;50.9;2812;3.67;57.5;10411;993;12.6;71.5;35.7;32;3.07;49;4.71;9071;297;633;8059;7385;387;472;433;7113;50.8;1142;10.9;9.2;2699;789;;;;1856;54;7.99;49.5
9;905;Dellbrück;9.95;5.1;2152;21403;21080;98.49;323;20239;20433;101.0;20756;102.6;21054;104.0;21216;104.8;21800;107.7;11244;52.5;9557;44.65;882;4.1;432;2.02;2778;13.0;2082;9.7;530;2.48;606;2.83;1783;8.33;547;2.56;610;2.85;3244;15.2;8374;39.1;1165;5.44;2477;11.57;871;4.07;1196;5.59;44.3;42.8;45.8;44.7;40.3;4547;21.2;8765;41.0;8091;37.8;1821;8.51;8604;40.2;9447;44.1;1468;6.86;63;294;4172;19.5;882;25.4;652;841;1375;1762;8.2;188;5.4;88;0.41;183;0.86;708;3.31;80;0.37;128;0.60;136;0.64;19;0.09;722;3.37;364;1.70;61;0.29;926;4.33;872;4.07;54;0.25;885;4.13;741;3.46;144;0.67;592;2.77;188;;12.8;167;7.8;1.32;30.4;220;10.3;10876;4965;45.7;3277;30.1;1370;12.60;935;8.60;329;3.03;1.94;2149;19.76;1137;10.45;1012;9.30;479;4.40;1422;8.6;1075;347;11.6;854;7.9;250;11.6;145;30.3;4078;2.67;68.7;10961;992;5.4;79.3;40.6;53;4.84;49;4.47;11589;707;836;9896;9090;462;552;507;7103;52.9;618;6.1;5.3;1407;729;231;447;;;;8.37;61.7
9;906;Höhenhaus;5.07;7.2;2932;14875;14743;99.11;132;15180;15004;98.8;14947;98.5;15387;101.4;14741;97.1;15300;100.8;7707;51.8;6426;43.20;826;5.6;325;2.18;1366;9.2;1102;7.4;362;2.43;391;2.63;1380;9.28;516;3.47;554;3.72;2137;14.4;5427;36.5;842;5.66;1579;10.62;714;4.80;973;6.54;44.2;42.8;45.5;44.7;40.7;2510;16.9;6647;44.7;5718;38.4;1064;7.15;5655;38.0;6954;46.7;1178;7.92;24;161;3842;25.8;992;37.4;1331;579;1282;1689;11.4;190;7.2;73;0.49;116;0.78;431;2.90;24;0.16;157;1.06;82;0.55;11;0.07;1030;6.92;831;5.59;39;0.26;471;3.17;432;2.90;39;0.26;680;4.57;564;3.79;116;0.78;260;1.75;162;;15.5;107;7.2;1.37;27.4;157;10.6;6815;2537;37.2;2140;31.4;1015;14.89;792;11.62;331;4.86;2.17;1599;23.46;797;11.69;802;11.77;358;5.25;1726;15;1191;535;24;856;12.6;346;21.6;191;53.4;3438;1.98;83.5;6605;1032;12.4;80.9;35.9;4;0.61;38;5.75;7224;250;658;6235;6095;419;510;499;4488;48.4;584;8.4;6.9;2220;787;;;;1261;172;7.6;55
9;907;Dünnwald;10.84;4.7;1060;11495;11372;98.93;123;9872;9607;97.3;11696;118.5;11971;121.3;11544;116.9;11400;115.5;5898;51.3;4771;41.51;787;6.8;359;3.12;1021;8.9;806;7.0;322;2.80;359;3.12;1198;10.42;432;3.76;384;3.34;1808;15.7;4221;36.7;582;5.06;1119;9.73;471;4.10;599;5.21;41.9;40.8;43;42.8;36.5;1954;17.0;4904;42.7;4637;40.3;882;7.67;4741;41.2;5100;44.4;758;6.59;14;122;3738;32.5;1115;48.2;1211;788;1106;1549;13.5;280;12.1;118;1.03;79;0.69;395;3.44;35;0.30;116;1.01;91;0.79;27;0.23;922;8.02;779;6.78;35;0.30;380;3.31;503;4.38;-123;-1.07;559;4.86;469;4.08;90;0.78;277;2.41;190;;13.2;90;7.8;1.36;29;123;10.7;5294;1996;37.7;1688;31.9;803;15.17;554;10.46;253;4.78;2.15;1366;25.80;702;13.26;664;12.54;400;7.56;1906;20.7;1255;651;32.9;884;16.7;429;31.4;228;57;2059;2.57;67;5637;939;14.8;76.4;37.5;9;1.60;0;0.00;5298;239;409;4580;4461;398;499;486;3482;47.6;582;10.6;7.4;600;457;;;;;143;8.03;51.3
9;908;Stammheim;3.74;7.6;1949;7291;7198;98.72;93;8706;8508;97.7;8189;94.1;7601;87.3;7379;84.8;6900;79.3;3803;52.2;3231;44.31;490;6.7;173;2.37;769;10.5;625;8.6;168;2.30;175;2.40;600;8.23;214;2.94;246;3.37;1130;15.5;2505;34.4;420;5.76;1055;14.47;410;5.62;368;5.05;45.3;43.9;46.6;46;40.5;1269;17.4;3363;46.1;2659;36.5;603;8.27;2669;36.6;3423;46.9;589;8.08;7;96;2741;37.6;586;50.6;678;928;668;981;13.5;129;11.1;47;0.64;57;0.78;213;2.92;9;0.12;43;0.59;68;0.93;6;0.08;649;8.90;451;6.19;15;0.21;273;3.74;298;4.09;-25;-0.34;298;4.09;374;5.13;-76;-1.04;198;2.72;198;;14.2;65;8.9;1.63;26.9;75;10.3;3562;1409;39.6;1232;34.6;500;14.04;290;8.14;131;3.68;2.03;717;20.13;405;11.37;312;8.76;197;5.53;944;17.6;673;271;27.2;476;13.4;178;24.8;90;45.7;1097;3.25;56.1;4041;881;3.1;71.2;39.4;10;2.47;8;1.98;3189;178;173;2807;2752;385;458;449;2220;49.7;383;11.4;11.2;378;378;;;;;;8.06;48.9
9;909;Flittard;7.74;18;1014;7841;7758;98.94;83;8365;8395;100.4;8201;98.0;7959;95.1;7870;94.1;7300;87.3;4065;51.8;3421;43.63;459;5.9;186;2.37;787;10.0;627;8.0;209;2.67;202;2.58;659;8.40;246;3.14;259;3.30;1245;15.9;2768;35.3;443;5.65;866;11.04;378;4.82;566;7.22;44.7;43.1;46.1;45.3;40.1;1322;16.9;3758;47.9;2761;35.2;570;7.27;2951;37.6;3650;46.6;664;8.47;6;77;1984;25.3;506;38.4;632;372;532;926;11.8;116;8.8;47;0.60;48;0.61;298;3.80;34;0.43;116;1.48;50;0.64;2;0.03;519;6.62;395;5.04;14;0.18;265;3.38;311;3.97;-46;-0.59;289;3.69;263;3.35;26;0.33;224;2.86;172;;15;62;7.9;1.4;28.6;94;12;3739;1476;39.5;1214;32.5;552;14.76;347;9.28;150;4.01;2.07;818;21.88;455;12.17;363;9.71;210;5.62;844;14.2;566;278;24.6;403;10.8;172;21;86;41;1449;2.58;69.6;3779;989;2.4;78.1;37.6;4;1.06;0;0.00;3616;102;264;3201;3161;408;491;484;2559;51.9;299;8.1;6.6;471;229;;;;;242;7.25;52
